fid,LATITUDE,LONGITUDE
"1","40.695921180145","-73.9397148216033"
"2","40.69490322531","-73.9410344194706"
"3","40.7046482026754","-73.9417837480675"
"4","40.7049325704172","-73.9412107649155"
"5","40.7049789208639","-73.9409244765375"
"6","40.7057681180777","-73.9410607073302"
"7","40.7047954141974","-73.9402017373701"
"8","40.7056417082929","-73.9403431088101"
"9","40.7053453275188","-73.9402964545427"
"10","40.7051380216563","-73.9395734459737"
"11","40.7058407725194","-73.9396878513987"
"12","40.6795599907052","-73.922386110538"
"13","40.6792794828616","-73.9226519370621"
"14","40.6793572882876","-73.923519570938"
"15","40.6792566559752","-73.9242440655664"
"16","40.679416554301","-73.924600860392"
"17","40.679624642206","-73.9251271343142"
"18","40.6798945752784","-73.9249159899141"
"19","40.67973760528","-73.9240810146769"
"20","40.6799569254892","-73.9243953529609"
"21","40.6797616613584","-73.9234783837467"
"22","40.6799042661989","-73.923367779959"
"23","40.6803991580203","-73.9234808057709"
"24","40.6806896129118","-73.9234838188451"
"25","40.6804398473978","-73.9244875566815"
"26","40.6807148646665","-73.9242630147398"
"27","40.6803719349151","-73.9250243497344"
"28","40.6805810418655","-73.9253085848728"
"29","40.6810531441447","-73.9254131763763"
"30","40.6813281728031","-73.9252020240791"
"31","40.6811744354263","-73.9243621175893"
"32","40.6813912016028","-73.9246664261095"
"33","40.6812547696557","-73.9237892689946"
"34","40.6815170566577","-73.9235781227771"
"35","40.6813589593749","-73.9227349815808"
"36","40.6815731858718","-73.9230459813832"
"37","40.7016608168859","-73.9401134757455"
"38","40.7024164676814","-73.9394962841749"
"39","40.7018655841232","-73.9384049542186"
"40","40.7023014025959","-73.9375649034291"
"41","40.7031138242907","-73.9381713659789"
"42","40.7034067210297","-73.9387318436453"
"43","40.7035327273825","-73.9397098328251"
"44","40.7034874373095","-73.9404124492249"
"45","40.704207016526","-73.9402353026782"
"46","40.6809970521607","-73.9088542073689"
"47","40.6813914733893","-73.9085538122732"
"48","40.6809020218411","-73.9080586160082"
"49","40.6931523046031","-73.9396512303212"
"50","40.6931958665405","-73.9384938458299"
"51","40.6932949782503","-73.9375049281026"
"52","40.693517505604","-73.9365728456335"
"53","40.6935816789051","-73.9351206235875"
"54","40.6925726330349","-73.9373319436201"
"55","40.694141867839","-73.9370757952751"
"56","40.6943474590022","-73.9351606237726"
"57","40.6944331130424","-73.9345432981755"
"58","40.6859442816004","-73.9175544880574"
"59","40.6876578611281","-73.9358479464789"
"60","40.6878361173163","-73.9356502764674"
"61","40.6878665610956","-73.9354125796571"
"62","40.6878969609879","-73.9350978928785"
"63","40.6879248560742","-73.9348601980878"
"64","40.6879578466743","-73.9346224992849"
"65","40.687982605038","-73.9343750627609"
"66","40.6880139052721","-73.9340697422807"
"67","40.6880464546666","-73.9338286988502"
"68","40.6880793649268","-73.9335350820552"
"69","40.687959470242","-73.9333042295971"
"70","40.6877071823059","-73.9332576186218"
"71","40.6875365582918","-73.9334285063718"
"72","40.6884357524171","-73.9321451621726"
"73","40.68840786294","-73.9323828587371"
"74","40.688369827976","-73.9327009047988"
"75","40.6885203202935","-73.9329652025492"
"76","40.6886961558216","-73.9329951524753"
"77","40.6889100848222","-73.9328041316965"
"78","40.6889349314141","-73.9326032959752"
"79","40.6889653216502","-73.9322852549255"
"80","40.6885945245581","-73.9307646483191"
"81","40.6885704662336","-73.9310132222487"
"82","40.6885381226554","-73.9312542734737"
"83","40.6885096003491","-73.9314953193554"
"84","40.6881980851036","-73.9305882405178"
"85","40.6980303764785","-73.9407716683444"
"86","40.6983512225014","-73.9403595854402"
"87","40.6981588060865","-73.939864036436"
"88","40.6985051376884","-73.9394653177553"
"89","40.6985406175089","-73.9389446471072"
"90","40.6983135579233","-73.9384192277015"
"91","40.6976188934624","-73.9389922940531"
"92","40.6972010963689","-73.9382011054167"
"93","40.6968471299986","-73.9386098737559"
"94","40.6968460088883","-73.9391423446152"
"95","40.6970501266514","-73.9396543846174"
"96","40.6966888986799","-73.9400249194443"
"97","40.6969439855138","-73.940560350386"
"98","40.6968795381968","-73.941088643394"
"99","40.6965332026024","-73.9414906934322"
"100","40.6973682811883","-73.9417568057178"
"101","40.6979821075983","-73.941294456085"
"102","40.6982167977232","-73.9418165287688"
"103","40.7093797239241","-73.941336485969"
"104","40.7093237615851","-73.9415257261401"
"105","40.7091905893","-73.9414580352763"
"106","40.7092993783854","-73.9411791775049"
"107","40.70918468116","-73.9411139821693"
"108","40.7092244487497","-73.9406565265721"
"109","40.709370920434","-73.9405743569354"
"110","40.7093058566596","-73.9404053167157"
"111","40.6947610933363","-73.942336291647"
"112","40.6947810563839","-73.9421577929614"
"113","40.6940485059109","-73.9430236650832"
"114","40.6939689020046","-73.9427362657688"
"115","40.67918719847","-73.9231672536462"
"116","40.6900359632867","-73.9599455323717"
"117","40.6902969095432","-73.9589918770473"
"118","40.6902783828815","-73.9579526466225"
"119","40.6893943174579","-73.959846342288"
"120","40.6894545709292","-73.9589608992953"
"121","40.6894931515548","-73.9586312335698"
"122","40.689582560118","-73.9579756316342"
"123","40.6994476168575","-73.9503259777864"
"124","40.6994247910784","-73.950573746461"
"125","40.6990065348809","-73.9505848307576"
"126","40.699043224662","-73.9503154776612"
"127","40.6988427629712","-73.9502873545748"
"128","40.6984209650595","-73.9502047003329"
"129","40.6982456958859","-73.9501657719096"
"130","40.6982152346534","-73.9504336299719"
"131","40.6977902920457","-73.9502525481825"
"132","40.6978145350056","-73.9500099927593"
"133","40.6987366544895","-73.9508171676508"
"134","40.6984053785762","-73.9507604971121"
"135","40.6990831884229","-73.9512673198372"
"136","40.6992816683127","-73.9512965619978"
"137","40.6993138491682","-73.9510718514459"
"138","40.698001896114","-73.9511286817383"
"139","40.6977804528626","-73.9510269192302"
"140","40.6978092195533","-73.9507668769633"
"141","40.6986621816186","-73.951758560482"
"142","40.6987138137378","-73.9513337043601"
"143","40.698266088554","-73.951681316449"
"144","40.6983083816728","-73.9512661409893"
"145","40.6991736237202","-73.9522415581254"
"146","40.6992015588601","-73.9520172217934"
"147","40.6990002392493","-73.9519671469789"
"148","40.697679306315","-73.9519475090282"
"149","40.697706944823","-73.951689327142"
"150","40.6979475673887","-73.9516169870493"
"151","40.6985617856287","-73.9522473846695"
"152","40.6982324888852","-73.9521821501388"
"153","40.6991499087399","-73.9530006772137"
"154","40.6991806706162","-73.9527618320333"
"155","40.6987792770752","-73.952584265621"
"156","40.6987462599246","-73.9528454308264"
"157","40.6985474909571","-73.9528020477262"
"158","40.6981293726159","-73.952723975551"
"159","40.6979297521272","-73.9526772466017"
"160","40.6979644686055","-73.9524149675586"
"161","40.6975126769638","-73.9526791766048"
"162","40.6975389072412","-73.9524392246413"
"163","40.6970586984498","-73.9498993786772"
"164","40.6972651164651","-73.9499527903296"
"165","40.6972363449177","-73.9501994397355"
"166","40.6964029140677","-73.9498073335131"
"167","40.696168466614","-73.9497539441255"
"168","40.6966960942767","-73.9500875887657"
"169","40.6966707306632","-73.9503587839958"
"170","40.6964872524952","-73.9503220949194"
"171","40.6968186141874","-73.9509141014959"
"172","40.6970479374396","-73.9509005416012"
"173","40.6970817983538","-73.9506349185583"
"174","40.6961449099121","-73.9505204753307"
"175","40.6959435967741","-73.9504871464613"
"176","40.695981689553","-73.9501891606811"
"177","40.6964122153105","-73.9512972135048"
"178","40.6964581211889","-73.9508934866003"
"179","40.69693854505","-73.951806186458"
"180","40.6969757972678","-73.9515227067301"
"181","40.6967489752618","-73.9514202041914"
"182","40.6960172035489","-73.951531665638"
"183","40.6958235337395","-73.9514949799251"
"184","40.6957854319687","-73.9517795722702"
"185","40.6964594607255","-73.9521647102041"
"186","40.6964950228936","-73.9518968563093"
"187","40.6963089939605","-73.9518534683015"
"188","40.696767545349","-73.9524763936941"
"189","40.6969688638752","-73.9525242369244"
"190","40.6970018862964","-73.9522753550252"
"191","40.6961077350281","-73.9523212859748"
"192","40.6958834807316","-73.9522678806869"
"193","40.6964651627246","-73.9420051921934"
"194","40.6967227854604","-73.9425339324084"
"195","40.6963885841894","-73.9429114960002"
"196","40.6966283621255","-73.9434335575749"
"197","40.6981676690545","-73.9423366072784"
"198","40.6977882088143","-73.942748729861"
"199","40.6974650022392","-73.9464239267646"
"200","40.6974890368096","-73.9453643930761"
"201","40.6978661342212","-73.9453239091985"
"202","40.6977934913691","-73.944119558772"
"203","40.6971336509458","-73.9445053306123"
"204","40.6971238849327","-73.9440701134966"
"205","40.6964628149826","-73.9438555292058"
"206","40.6962310469468","-73.9451092293678"
"207","40.6963941466714","-73.9451559645116"
"208","40.6961170911479","-73.9461933992132"
"209","40.6968372571073","-73.9458283831527"
"210","40.6968731355929","-73.9462669259502"
"211","40.673284989107","-73.9366065164134"
"212","40.6729151765196","-73.9376833037005"
"213","40.6733901057667","-73.9386875840905"
"214","40.673981923661","-73.9386321672676"
"215","40.6743471738462","-73.9375499848183"
"216","40.6738676035482","-73.9365460147708"
"217","40.6750956166958","-73.9381508647761"
"218","40.6750191105007","-73.9374939048228"
"219","40.6750231707439","-73.9368258324241"
"220","40.6709177785312","-73.9246866375402"
"221","40.6739953967605","-73.9231307169994"
"222","40.6739867300003","-73.9229527104201"
"223","40.6721850240051","-73.9232117408723"
"224","40.6717255965813","-73.9233837434806"
"225","40.6717169759009","-73.9232242795738"
"226","40.6717087069385","-73.9230713060442"
"227","40.6717058218509","-73.9228966743607"
"228","40.6704182315284","-73.9222668191188"
"229","40.6708983913437","-73.9222233452028"
"230","40.6708826263996","-73.9222252452634"
"231","40.6708668614561","-73.9222271465058"
"232","40.6708484573615","-73.9222254364931"
"233","40.670829915388","-73.9222275751472"
"234","40.6708062677345","-73.9222300745634"
"235","40.6707868464322","-73.9222315838617"
"236","40.6707693801507","-73.9222344273291"
"237","40.6707481501405","-73.9222365702948"
"238","40.6707262552276","-73.9222395691251"
"239","40.6706981727214","-73.9222410140063"
"240","40.6706670457668","-73.9222440803652"
"241","40.6706329895662","-73.9222473417328"
"242","40.6706032057563","-73.9222511125892"
"243","40.6705749440062","-73.9222524973546"
"244","40.6705450642597","-73.922252890541"
"245","40.6705227387121","-73.9222569448224"
"246","40.6704968287651","-73.9222591535452"
"247","40.6704714405775","-73.9222632291312"
"248","40.6704464713088","-73.9222649045418"
"249","40.6703880947047","-73.9222692420969"
"250","40.6703636388083","-73.9222710339914"
"251","40.6703314811255","-73.9222733067535"
"252","40.6708528914405","-73.9219912555023"
"253","40.6708528697371","-73.9219592540257"
"254","40.67084997913","-73.9219234901903"
"255","40.6708500801784","-73.9218932578911"
"256","40.6708493422772","-73.9218621986844"
"257","40.670846811964","-73.9218292587205"
"258","40.6751015525766","-73.9274445488941"
"259","40.6753818295229","-73.9274212353501"
"260","40.6759150021256","-73.9273543443653"
"261","40.6761920992142","-73.9273408638304"
"262","40.6755239565009","-73.9270730751779"
"263","40.675734163563","-73.9270571568368"
"264","40.675050871926","-73.9265072539932"
"265","40.6753317872183","-73.9264868632035"
"266","40.6758610819068","-73.9264344286718"
"267","40.6761324369839","-73.9264065182108"
"268","40.6750596287431","-73.9260158026209"
"269","40.6753367157064","-73.9259853745726"
"270","40.6758026773378","-73.9259489468263"
"271","40.6760797626424","-73.9259160082765"
"272","40.6750028872478","-73.9256441789175"
"273","40.6752818898745","-73.9256212767836"
"274","40.6758171308548","-73.9255613831331"
"275","40.6760923132792","-73.925540995708"
"276","40.6750152988856","-73.9251536722645"
"277","40.67529047383","-73.9251232428009"
"278","40.6757546004093","-73.9250750814177"
"279","40.6760336019967","-73.9250521766458"
"280","40.674892359035","-73.923454148235"
"281","40.6751522537197","-73.923438788469"
"282","40.6754350676601","-73.9234008123247"
"283","40.6748785534508","-73.9229055484994"
"284","40.6751594580152","-73.9228700823095"
"285","40.6754441961263","-73.9228521827889"
"286","40.6748338409028","-73.9224737753046"
"287","40.6751128386206","-73.9224458414533"
"288","40.6753937464204","-73.92241539292"
"289","40.6751020071508","-73.9246932895868"
"290","40.6721619452529","-73.9288239423492"
"291","40.6721488235451","-73.9286243268866"
"292","40.6721387674991","-73.9284416861999"
"293","40.6719975130623","-73.9281634833195"
"294","40.6717735040782","-73.9281888975299"
"295","40.6714372591283","-73.9283888384053"
"296","40.6712393319171","-73.9283957686921"
"297","40.671082089252","-73.9282555067578"
"298","40.6709575604433","-73.9282668905718"
"299","40.6668821934574","-73.9229505571285"
"300","40.6665209608567","-73.922786363315"
"301","40.6663169424933","-73.9227187756179"
"302","40.6661116602375","-73.9226656419941"
"303","40.6659127823931","-73.9226111247057"
"304","40.6707470884073","-73.9295906201275"
"305","40.6706198565793","-73.929061798396"
"306","40.6711712308901","-73.9290345395782"
"307","40.6714555733512","-73.9286736675424"
"308","40.6710184149209","-73.9243533517094"
"309","40.6713648792805","-73.9306734892188"
"310","40.6713508553935","-73.9304807163274"
"311","40.6711391589356","-73.9266411178129"
"312","40.671127702255","-73.9264079624863"
"313","40.6711124215118","-73.9261734028706"
"314","40.6710986923356","-73.9259437498625"
"315","40.6714098985374","-73.9251764476137"
"316","40.8311196845247","-73.9430356003667"
"317","40.8324258484562","-73.9420827949354"
"318","40.8611461965315","-73.9239729370657"
"319","40.8596912809366","-73.9230296284836"
"320","40.8614417320024","-73.9232006043959"
"321","40.8603631603458","-73.9224742717027"
"322","40.8617880034559","-73.922511869308"
"323","40.8610272595652","-73.9219230403977"
"324","40.8617974675899","-73.9216756523941"
"325","40.8333048183908","-73.9419877115453"
"326","40.8310429128436","-73.9376362930925"
"327","40.8312681322121","-73.9374786893671"
"328","40.8309856051284","-73.9383881029788"
"329","40.8311329293475","-73.9387390728326"
"330","40.8319390295581","-73.937523457716"
"331","40.8320817715027","-73.9378986489646"
"332","40.8323502134218","-73.935783993441"
"333","40.832591193247","-73.9363791305634"
"334","40.8328441420057","-73.9369494488475"
"335","40.833185345687","-73.9374455468042"
"336","40.8334650274853","-73.9369970843577"
"337","40.8338090962905","-73.9364893788581"
"338","40.8341652033638","-73.935978447094"
"339","40.8334604920305","-73.9360292756851"
"340","40.8330236584357","-73.9359933729945"
"341","40.7102085672196","-73.9992303984501"
"342","40.710109243239","-74.0002152065669"
"343","40.7106124298365","-74.0001974582972"
"344","40.7113175175803","-73.9993973067123"
"345","40.7859757538683","-73.9752625818911"
"346","40.7970218017558","-73.968523905829"
"347","40.771974058902","-73.9868957773471"
"348","40.772157960425","-73.9867061301354"
"349","40.7726055457248","-73.9864602082401"
"350","40.7727931257525","-73.9862763033274"
"351","40.773234470772","-73.9860028741829"
"352","40.7734146929436","-73.9858189678118"
"353","40.7727590946562","-73.987133135988"
"354","40.7729744915159","-73.9869742298043"
"355","40.77324667418","-73.986770953511"
"356","40.7733933762295","-73.9866635250483"
"357","40.7736324474473","-73.9864118674577"
"358","40.7738678634549","-73.9863682713873"
"359","40.773016370351","-73.9876031820327"
"360","40.7731490941777","-73.9874994742281"
"361","40.7734470271069","-73.987291355865"
"362","40.7732326273255","-73.988110152189"
"363","40.7733657808643","-73.9880210690687"
"364","40.7736600336103","-73.9877887591009"
"365","40.7727934211922","-73.9891193515327"
"366","40.7730619300242","-73.9889257626589"
"367","40.7731680270531","-73.9887745461808"
"368","40.7734365352906","-73.9885809548277"
"369","40.773603427033","-73.9885240157272"
"370","40.773875613386","-73.9883304214535"
"371","40.7748423318432","-73.9868736210036"
"372","40.7924461418066","-73.9721120630325"
"373","40.7982697840753","-73.9675233475081"
"374","40.7955391625971","-73.9649403113895"
"375","40.7953306914019","-73.9643791180545"
"376","40.7960609496643","-73.9643956622433"
"377","40.7967755624967","-73.9638822058838"
"378","40.7971087409795","-73.9630775638192"
"379","40.797163452596","-73.9637698689316"
"380","40.7971871418175","-73.9648835567485"
"381","40.7976501055023","-73.964929988992"
"382","40.7975024118211","-73.9655901644752"
"383","40.7963501325943","-73.9633018497299"
"384","40.7967530729997","-73.9631609898476"
"385","40.796801849358","-73.9660920241096"
"386","40.7961331107858","-73.9659743639246"
"387","40.7964889489144","-73.9653944351733"
"388","40.7981932763459","-73.9655160908631"
"389","40.7978553605519","-73.9664723406989"
"390","40.7981059747465","-73.9668858783116"
"391","40.768749038079","-73.9901529798223"
"392","40.7981310784969","-73.9699544623713"
"393","40.7995615283961","-73.9694079171296"
"394","40.7995434767429","-73.9693595305883"
"395","40.7995210987261","-73.9692997050296"
"396","40.7994944802687","-73.9692467851954"
"397","40.7994720153196","-73.9691988439731"
"398","40.7994538215725","-73.9691380212058"
"399","40.7994018486308","-73.9690584333565"
"400","40.7999449118721","-73.9687814067691"
"401","40.7910350598641","-73.967442982117"
"402","40.7897873965204","-73.9702969538555"
"403","40.7914097707006","-73.9698494737088"
"404","40.7914419433497","-73.9699133007962"
"405","40.7914639560576","-73.9699753623722"
"406","40.7914875035962","-73.9700320796573"
"407","40.791505385719","-73.9700840186859"
"408","40.7915372867081","-73.970145996559"
"409","40.791567517345","-73.9702083982282"
"410","40.791592209292","-73.9702755406213"
"411","40.7916154984297","-73.9703295011025"
"412","40.7916379829757","-73.9703853340352"
"413","40.7887400396812","-73.967864359098"
"414","40.7887622347735","-73.9679144509679"
"415","40.788789446461","-73.9679740010439"
"416","40.7888135580538","-73.9680218658369"
"417","40.7888375162271","-73.9680816000212"
"418","40.7888587261845","-73.9681418533192"
"419","40.7888886334035","-73.9681965090771"
"420","40.7889048936888","-73.9682550942545"
"421","40.7889321816582","-73.9683143388832"
"422","40.7889488586343","-73.9683689832927"
"423","40.7889799402733","-73.9684279300088"
"424","40.7892547148901","-73.9690667012224"
"425","40.7892740940974","-73.9691254015985"
"426","40.7893071758194","-73.9691894355781"
"427","40.7893317698501","-73.9692552104646"
"428","40.7882668500064","-73.9682219910786"
"429","40.7882943553867","-73.968292399261"
"430","40.7883152174414","-73.9683453623094"
"431","40.7883386202567","-73.9684066165078"
"432","40.788359293121","-73.9684660427308"
"433","40.7884695790368","-73.9691842949677"
"434","40.7884995437549","-73.9692436722344"
"435","40.7885257700708","-73.9693083389965"
"436","40.7879781782329","-73.9694780541183"
"437","40.7880069537825","-73.9695497059528"
"438","40.7880301609284","-73.9696123951502"
"439","40.7919336461242","-73.9696892981897"
"440","40.7900518436803","-73.9690975875205"
"441","40.7892352663198","-73.9736328393066"
"442","40.6593990976918","-73.9375289483442"
"443","40.6593957313561","-73.9375965915017"
"444","40.6593899448722","-73.9376634600135"
"445","40.6593855041137","-73.937739370992"
"446","40.6593782493813","-73.9378106385548"
"447","40.6593753186632","-73.9378814929316"
"448","40.6593723483753","-73.9379491877084"
"449","40.6593665227832","-73.9380224050251"
"450","40.6593650318119","-73.9380931681742"
"451","40.6593607120524","-73.9381651944833"
"452","40.6593549467891","-73.9382336261506"
"453","40.6593534877074","-73.9383019663185"
"454","40.662236948838","-73.9501175968344"
"455","40.6622395922776","-73.9500480173281"
"456","40.6622455261661","-73.9499784471741"
"457","40.6622490438762","-73.9499066922921"
"458","40.6622542276066","-73.9498372539426"
"459","40.6622569558189","-73.9497662848497"
"460","40.662006222992","-73.9384711553313"
"461","40.8160103875668","-73.9070501197105"
"462","40.8166302706544","-73.9066562125921"
"463","40.8169051041055","-73.9062122051997"
"464","40.8171282868849","-73.9052999315559"
"465","40.8166482840654","-73.904482301258"
"466","40.8161043198487","-73.9046162187625"
"467","40.8155647261195","-73.9047541032249"
"468","40.8183729428402","-73.9177560905675"
"469","40.8190290528221","-73.9174723500447"
"470","40.8230518428145","-73.9185108922019"
"471","40.8228203387484","-73.9178990001606"
"472","40.8225381538774","-73.9170397227351"
"473","40.8218129921846","-73.9174159274139"
"474","40.8219074961697","-73.9183905189535"
"475","40.8221146408067","-73.9190136133577"
"476","40.822393417729","-73.9195583334416"
"477","40.8197857585875","-73.9184015535023"
"478","40.8210709808171","-73.918117278662"
"479","40.8200413673772","-73.9193862009264"
"480","40.8212654627452","-73.9188355013267"
"481","40.8201551429257","-73.9200309405419"
"482","40.8214769187913","-73.9194308255343"
"483","40.8203520250823","-73.9207971973825"
"484","40.8209002117665","-73.9200683111951"
"485","40.8058587127","-73.9198575138738"
"486","40.8063102879546","-73.9193570398249"
"487","40.8055206578415","-73.9190898466886"
"488","40.8059196298118","-73.9187105349547"
"489","40.8050525321749","-73.9183039306877"
"490","40.8051155254872","-73.9174579627817"
"491","40.8050695674797","-73.9170400106472"
"492","40.8049194582399","-73.9162235989396"
"493","40.8047412988198","-73.9158684214703"
"494","40.8039715934313","-73.9158593674957"
"495","40.8089335871846","-73.9273219844589"
"496","40.8101410630107","-73.9264511170734"
"497","40.8097731741606","-73.9256323077459"
"498","40.8092580851642","-73.9262399196196"
"499","40.8086014446676","-73.9264952514365"
"500","40.8086023562362","-73.9249830408765"
"501","40.8085018650262","-73.9244602036917"
"502","40.8088192730218","-73.9233813861812"
"503","40.8076663329568","-73.9242280200622"
"504","40.809868155717","-73.9276686040382"
"505","40.8128981801214","-73.9102280330603"
"506","40.8132719950258","-73.9102214545216"
"507","40.8127448677612","-73.9099902212411"
"508","40.8125691584994","-73.9095591874228"
"509","40.8109830893876","-73.921979014811"
"510","40.8114394254174","-73.9217328048197"
"511","40.8118508456652","-73.9227406371528"
"512","40.8123200036204","-73.9230685023189"
"513","40.8126098112664","-73.9221782620393"
"514","40.8121937918675","-73.9212007981852"
"515","40.8130505139688","-73.9217459459657"
"516","40.8126378165412","-73.9207528555565"
"517","40.812089630129","-73.9258571540291"
"518","40.8124094949841","-73.9252851812212"
"519","40.8126773728834","-73.9256007429239"
"520","40.813169943839","-73.925310518714"
"521","40.8135925851729","-73.9249403038795"
"522","40.813772303234","-73.9245270438884"
"523","40.8143496419898","-73.9244131278374"
"524","40.8141370222542","-73.9239152683213"
"525","40.8147454056337","-73.9236008826031"
"526","40.8151101879549","-73.9238920387313"
"527","40.8154533818957","-73.9234920396249"
"528","40.8154207733693","-73.9230364880369"
"529","40.8151642903343","-73.9224334469634"
"530","40.8148087601933","-73.9230525626722"
"531","40.8145132136258","-73.9227795553756"
"532","40.8147198745698","-73.9220268410616"
"533","40.8143210436102","-73.9217613501466"
"534","40.8140951531078","-73.9221260799442"
"535","40.8136953870583","-73.9227712404643"
"536","40.8140647784755","-73.9230502333625"
"537","40.8137670139623","-73.9236113027664"
"538","40.8134022308515","-73.9233201528679"
"539","40.8132653074116","-73.9240574318058"
"540","40.8129377580765","-73.9242400339188"
"541","40.8126132134351","-73.9247517294773"
"542","40.8142318038718","-73.9104065767855"
"543","40.815100858302","-73.9096950213651"
"544","40.8165962010015","-73.9090217622946"
"545","40.8173581971702","-73.908131317056"
"546","40.817942187427","-73.9076363414392"
"547","40.8172551699942","-73.9073352230584"
"548","40.8212877352439","-73.9078361120674"
"549","40.8214169184009","-73.9077873327221"
"550","40.8215553258522","-73.9077324653323"
"551","40.8216983580409","-73.9076897414563"
"552","40.8218044659304","-73.9076409935525"
"553","40.8205658565709","-73.9081486354224"
"554","40.8206765788141","-73.9080998827079"
"555","40.8207734559141","-73.9080511489614"
"556","40.8203814625899","-73.9089579950552"
"557","40.8203444174469","-73.908800095706"
"558","40.820312001567","-73.9086604162202"
"559","40.8202749801156","-73.9085328931002"
"560","40.8202425783891","-73.9084114387094"
"561","40.8217275991542","-73.9084422038072"
"562","40.8216168719643","-73.9084848816572"
"563","40.8215107637147","-73.9085336280779"
"564","40.8214184870119","-73.9085641301807"
"565","40.8213077694006","-73.9086189577034"
"566","40.821183191305","-73.9086555789691"
"567","40.7973928302755","-73.9298714470808"
"568","40.7976550183396","-73.930094380453"
"569","40.7979554044564","-73.9306685801688"
"570","40.7982798998059","-73.9314459281676"
"571","40.7981742612713","-73.9300430370385"
"572","40.7984499207877","-73.9302963148922"
"573","40.7989681243568","-73.9309776277711"
"574","40.799242480664","-73.931671733958"
"575","40.7994251498022","-73.9323835478867"
"576","40.7991927087481","-73.9305096666011"
"577","40.7996006688733","-73.930654075828"
"578","40.7997654826563","-73.9314230127159"
"579","40.8000643428026","-73.9319207727764"
"580","40.8007900840718","-73.9324350400549"
"581","40.6829912064431","-73.9702356565683"
"582","40.6986224491735","-73.9819079204616"
"583","40.6994507113547","-73.9810344332596"
"584","40.6994751335694","-73.9826459857017"
"585","40.6999349896677","-73.9810016269079"
"586","40.7000107376117","-73.9826289878047"
"587","40.700854791679","-73.9814772559636"
"588","40.7001651035003","-73.9834485520719"
"589","40.7011047213816","-73.9825774934609"
"590","40.7008975480555","-73.984307020934"
"591","40.7011285842406","-73.9831780757689"
"592","40.6921989753752","-73.971840145725"
"593","40.6954767457892","-73.9681542704103"
"594","40.6953755195062","-73.9681341540158"
"595","40.6947955331207","-73.9680230856335"
"596","40.6944902502173","-73.9682241235469"
"597","40.6849727486515","-73.9623811372996"
"598","40.6849298281654","-73.9885377538942"
"599","40.6843788379775","-73.9871082045473"
"600","40.6847028021308","-73.9888473200391"
"601","40.6845295431804","-73.9889678494339"
"602","40.6840896382739","-73.9869831509388"
"603","40.6839004565753","-73.9871036883314"
"604","40.6841267481328","-73.9890653757341"
"605","40.6839241431931","-73.9887465852419"
"606","40.6836001345836","-73.9879282433408"
"607","40.6835255609803","-73.9875291026286"
"608","40.6836303640179","-73.9894498171078"
"609","40.6834296719221","-73.989131028692"
"610","40.6830784878242","-73.9882352253658"
"611","40.6830058260671","-73.9878436187056"
"612","40.6833746361664","-73.989749858368"
"613","40.6831988282461","-73.9898653630975"
"614","40.6828014399425","-73.9893515714042"
"615","40.6825752313194","-73.988778859027"
"616","40.6826725103335","-73.9879342311792"
"617","40.6824947934716","-73.9880597815122"
"618","40.6827886149883","-73.9900163720351"
"619","40.6821670033674","-73.9884093943678"
"620","40.6841379820765","-73.9877939750801"
"621","40.6843244121615","-73.9882554479143"
"622","40.6937962836836","-73.9786497343176"
"623","40.6939625989991","-73.9789359107878"
"624","40.694295058796","-73.978596328482"
"625","40.6943524294067","-73.9788047065905"
"626","40.6945187021043","-73.9788548700594"
"627","40.6943046880514","-73.9792707025576"
"628","40.6944690448089","-73.9792988984161"
"629","40.6945187892128","-73.9796121091417"
"630","40.6948285600155","-73.9784352782357"
"631","40.6949610861825","-73.9785724935316"
"632","40.6950299305892","-73.9788168596393"
"633","40.6951879163319","-73.9788402449117"
"634","40.6949597318203","-73.9794414205779"
"635","40.6951177397792","-73.9795853268551"
"636","40.6950973944436","-73.9798096355695"
"637","40.6958837534804","-73.9785786593292"
"638","40.6956161933912","-73.9785218315744"
"639","40.6955913815817","-73.9792184053156"
"640","40.6959200818472","-73.9792015637325"
"641","40.6956121913651","-73.9798607935931"
"642","40.6959383441738","-73.9798439559419"
"643","40.6938378164656","-73.9798034507516"
"644","40.6940467910577","-73.979977470429"
"645","40.6938721881946","-73.9804981945328"
"646","40.6938779487713","-73.980658255554"
"647","40.6940442376165","-73.9812578553609"
"648","40.6940461688806","-73.9813833947439"
"649","40.6940682825394","-73.9819414398118"
"650","40.6940702165766","-73.9820895755073"
"651","40.6942825805778","-73.9804021226551"
"652","40.6945195645798","-73.9804690069157"
"653","40.6944871300474","-73.9811173253989"
"654","40.6944957777673","-73.981411087884"
"655","40.6944030747913","-73.9820598975063"
"656","40.6946410078384","-73.9820918463917"
"657","40.6949222783366","-73.980990501119"
"658","40.6949261271686","-73.9811495193598"
"659","40.6949982779942","-73.9818665774975"
"660","40.6950054743775","-73.9820586540351"
"661","40.69501380002","-73.9805052788256"
"662","40.6953033281284","-73.9805146095453"
"663","40.6952501987807","-73.981396188954"
"664","40.6954866986632","-73.981424370352"
"665","40.6956585624987","-73.9806649987391"
"666","40.6956704452075","-73.9810138476689"
"667","40.7044072168096","-73.9647515833425"
"668","40.7034836390237","-73.9641699636275"
"669","40.7037821124049","-73.9646728894252"
"670","40.7045357494773","-73.965524431041"
"671","40.7048475455072","-73.9659546808491"
"672","40.6937706471516","-73.9734493278229"
"673","40.6939990266701","-73.9734279101309"
"674","40.6937436157278","-73.9741221637704"
"675","40.6939742598271","-73.9740992603431"
"676","40.6937199445183","-73.9748189143763"
"677","40.693940776055","-73.9748009766707"
"678","40.6936836705137","-73.9754968506496"
"679","40.6939180899433","-73.9754744463321"
"680","40.6944716747109","-73.9736135861663"
"681","40.6944309639657","-73.9738724957123"
"682","40.6943647251119","-73.9753677873263"
"683","40.6943149468484","-73.9756058675767"
"684","40.6945034497186","-73.9746776935734"
"685","40.694885658468","-73.9746923777132"
"686","40.6949972689704","-73.9737360590729"
"687","40.6949939291176","-73.973990490884"
"688","40.6949576510689","-73.9754837963359"
"689","40.6949704468506","-73.9757449185371"
"690","40.6953803641418","-73.9739857081592"
"691","40.6957540668791","-73.9739096792003"
"692","40.6954089033717","-73.9748618004842"
"693","40.6957961971438","-73.974781306085"
"694","40.6954369911627","-73.9757254778936"
"695","40.6958242856253","-73.9756539164725"
"696","40.6937456069295","-73.9768050637442"
"697","40.6937303616741","-73.9770226705579"
"698","40.6939898673352","-73.9763050875056"
"699","40.6941491832827","-73.9763660333767"
"700","40.6941900018447","-73.9766090399336"
"701","40.6941206791722","-73.9773503824349"
"702","40.6940425817561","-73.9775780549242"
"703","40.6938727099007","-73.9775825759176"
"704","40.6822170558527","-73.9834096877728"
"705","40.6826258699895","-73.9844584781685"
"706","40.6830140745563","-73.9835337937872"
"707","40.7166652931605","-73.9921524543161"
"708","40.7424898523569","-74.0046579270086"
"709","40.7203727134307","-73.9909650092767"
"710","40.7218726942846","-73.9909450124993"
"711","40.722061200986","-73.9907455464918"
"712","40.7220198073095","-73.9906125916641"
"713","40.7211566286367","-73.990527534835"
"714","40.7212393918834","-73.9904852178756"
"715","40.7213267517133","-73.9904368578974"
"716","40.7214784838315","-73.9903703557853"
"717","40.7210915576246","-73.9903624934662"
"718","40.7212111027914","-73.9902959972899"
"719","40.721280072069","-73.9902657688937"
"720","40.7214318025448","-73.9901811372793"
"721","40.7485696911609","-74.0014474732217"
"722","40.7488409794283","-74.001374926721"
"723","40.7485745273171","-74.0009782735248"
"724","40.7482020811978","-74.0010205903736"
"725","40.7497182143865","-74.0012358344069"
"726","40.749827275717","-74.0021458672085"
"727","40.7496856099261","-74.001994911301"
"728","40.7492019695262","-74.0025936003008"
"729","40.7490686211719","-74.0027326556247"
"730","40.7489638438156","-74.0020293762052"
"731","40.7488350940082","-74.0021744770608"
"732","40.749209399383","-74.0011762486227"
"733","40.7493335505688","-74.0009585908358"
"734","40.7430106744107","-74.0050340880249"
"735","40.7430026203198","-74.0045344725073"
"736","40.7434107001705","-74.0055270715532"
"737","40.7434966721261","-74.0052452927877"
"738","40.7434774391031","-74.0047031533928"
"739","40.7433174950604","-74.0038435788497"
"740","40.7436607063645","-74.0038090829092"
"741","40.7441588629919","-74.0042005587142"
"742","40.7441201292813","-74.0037085105853"
"743","40.7443566844738","-74.003646312601"
"744","40.7680985897304","-73.9910324914685"
"745","40.7182430408996","-73.975402908457"
"746","40.7180683200015","-73.9754392317962"
"747","40.7174442527032","-73.9759106958717"
"748","40.7172878992285","-73.9758261470035"
"749","40.716804635518","-73.9762304832416"
"750","40.7166436805026","-73.9761278070402"
"751","40.7159179900428","-73.9766685474715"
"752","40.7157524386238","-73.9765719161274"
"753","40.716391143906","-73.9774763342272"
"754","40.7161842232737","-73.9774461892916"
"755","40.7162764069284","-73.9781904909203"
"756","40.716106281967","-73.9782207614135"
"757","40.7172266362973","-73.9780402821056"
"758","40.7170748800714","-73.977943640892"
"759","40.7179186514213","-73.9774036223878"
"760","40.7177577010491","-73.9773190709805"
"761","40.7188282611084","-73.9771032447365"
"762","40.7186627332937","-73.9771274743899"
"763","40.7186542199522","-73.9778228898787"
"764","40.7184840948793","-73.9778471192095"
"765","40.7177652124095","-73.9784739840157"
"766","40.7175950826623","-73.9784740389627"
"767","40.7168558753309","-73.9787101654729"
"768","40.7167409258688","-73.9787283312581"
"769","40.7165995943127","-73.9794517066471"
"770","40.7164294571608","-73.9794154999501"
"771","40.716864363381","-73.9800881732974"
"772","40.716712629809","-73.9801123907078"
"773","40.7181868611451","-73.9793203035927"
"774","40.718035123422","-73.9793203506732"
"775","40.718856639266","-73.9789550505894"
"776","40.7187048882775","-73.9788825777307"
"777","40.7193320233042","-73.9787073541654"
"778","40.7191894636871","-73.9786107054288"
"779","40.7170773996465","-73.9792112941287"
"780","40.7220929919191","-73.9812813200762"
"781","40.7224843335851","-73.9809795088053"
"782","40.7280288864461","-73.9766498718729"
"783","40.7282895484604","-73.9771428066601"
"784","40.7289919937086","-73.9774295910419"
"785","40.7232803137444","-73.9859309521704"
"786","40.7234931984883","-73.9858268374001"
"787","40.7236379024995","-73.9857124555048"
"788","40.7236912906223","-73.9858040966567"
"789","40.7238737902738","-73.9862320646182"
"790","40.7238947294943","-73.9862821851234"
"791","40.7240651123732","-73.9867141469971"
"792","40.7240899605112","-73.9867565863521"
"793","40.7189749250663","-73.9817760631703"
"794","40.7187128516464","-73.9818970024073"
"795","40.7179561609651","-73.9822947315039"
"796","40.7176940897321","-73.9824337961794"
"797","40.7220868918572","-73.9894009359527"
"798","40.7123283617922","-73.9895125495703"
"799","40.7116273382347","-73.98942069605"
"800","40.7117571343876","-73.9880075718996"
"801","40.7118363639027","-73.9873501994944"
"802","40.7125005777249","-73.9874393331214"
"803","40.7119172824047","-73.9864286922632"
"804","40.7125782646964","-73.9865229086286"
"805","40.7120081710808","-73.9855564870515"
"806","40.7126445491227","-73.9857788680664"
"807","40.7117613303643","-73.9885158346822"
"808","40.7217905593365","-73.9898499748478"
"809","40.721749163544","-73.9897049341633"
"810","40.7217077697583","-73.9895840687336"
"811","40.7233520422881","-73.9805985354578"
"812","40.7232968440498","-73.9804776756354"
"813","40.7232416424581","-73.9803326427494"
"814","40.7231910409015","-73.9802057383749"
"815","40.7234497210927","-73.9812929706354"
"816","40.7233807206753","-73.9811177201546"
"817","40.7233255198902","-73.9809726853723"
"818","40.7232749200451","-73.9808518251506"
"819","40.7232151229486","-73.9807188793685"
"820","40.7231691187992","-73.9805859298073"
"821","40.7230973024937","-73.9804488429386"
"822","40.7228779507976","-73.9780445866479"
"823","40.7229331518384","-73.9781714872795"
"824","40.7229929539175","-73.9783104726185"
"825","40.7230573540597","-73.978455501499"
"826","40.7231171602872","-73.9786186641208"
"827","40.7231815609406","-73.9787636935691"
"828","40.7232505585107","-73.978908721843"
"829","40.7233057627965","-73.9790537535686"
"830","40.7232414370599","-73.9793196998179"
"831","40.7231908637609","-73.9793559783396"
"832","40.7228598156511","-73.9794406921536"
"833","40.722801258785","-73.9793030763257"
"834","40.7227342528726","-73.9791438966323"
"835","40.7225414438578","-73.9786717707097"
"836","40.7224816399567","-73.9785206977188"
"837","40.7224126387194","-73.9783635844472"
"838","40.7223482373121","-73.9782125123442"
"839","40.7222884374107","-73.978085615488"
"840","40.7222286338966","-73.9779405871166"
"841","40.7221642310324","-73.9777895170233"
"842","40.7246343209466","-73.9766738525128"
"843","40.7242057806768","-73.9770159509091"
"844","40.7237077236768","-73.9792954613872"
"845","40.7239310608115","-73.9791331273923"
"846","40.7230806630557","-73.9870785853959"
"847","40.7220276291701","-73.9768658950536"
"848","40.7250278024024","-73.9747010735542"
"849","40.7251243484618","-73.974634552924"
"850","40.7255671970611","-73.9741679979524"
"851","40.7258978996906","-73.9739189188873"
"852","40.7260033700511","-73.9729319560349"
"853","40.7259527603567","-73.972805052021"
"854","40.7255281161482","-73.9730418184716"
"855","40.7251723037955","-73.9732404545353"
"856","40.7246389048694","-73.9734646965977"
"857","40.7245331676469","-73.9735493532765"
"858","40.7248972506356","-73.9740356286581"
"859","40.7244831477053","-73.9750905477951"
"860","40.7243912006777","-73.9751631091263"
"861","40.7237953834426","-73.9754327357704"
"862","40.7241155306337","-73.9746023795554"
"863","40.7240024766172","-73.9739393351793"
"864","40.7238921383088","-73.974011903564"
"865","40.7233602700421","-73.974403861067"
"866","40.7229571234124","-73.9746263159586"
"867","40.7223975075458","-73.9749361116757"
"868","40.7219990704033","-73.9750960461528"
"869","40.7220588766019","-73.9752410714724"
"870","40.7224254276414","-73.9761258366334"
"871","40.7224852334399","-73.9762708638046"
"872","40.7228562478836","-73.9760276961005"
"873","40.7233936541741","-73.975668546212"
"874","40.7121197638785","-73.992041207227"
"875","40.7113931993227","-73.9919106575344"
"876","40.7115711582414","-73.9900175083358"
"877","40.7122679793017","-73.9901275130979"
"878","40.7123495796199","-73.9909676601165"
"879","40.7210747250363","-73.9764869523742"
"880","40.7173506355122","-73.9885087764644"
"881","40.7167712816429","-73.9852116320547"
"882","40.7094939176396","-73.9966105620092"
"883","40.7097688618169","-73.9974968220857"
"884","40.7097715682493","-73.9985048882346"
"885","40.7091184573717","-73.9989073439295"
"886","40.7107338011436","-73.9987380570665"
"887","40.7115321856857","-73.9986402522821"
"888","40.7115253597856","-73.9981253907464"
"889","40.7116359671804","-73.9971365995576"
"890","40.7198759175777","-73.9834456679304"
"891","40.710931466787","-73.9862887392608"
"892","40.7115907364062","-73.9833167514854"
"893","40.7118575545207","-73.9833567567357"
"894","40.7122170406636","-73.9834788269176"
"895","40.7123188889718","-73.9834952313084"
"896","40.7127063912009","-73.983475673647"
"897","40.7129600975579","-73.9835140810586"
"898","40.7116048656353","-73.9830898751438"
"899","40.7118683291911","-73.9831282779826"
"900","40.7121366707164","-73.9831538574043"
"901","40.7124707408479","-73.9832003306148"
"902","40.7127293262711","-73.9832387367989"
"903","40.7129927897382","-73.9832771408739"
"904","40.7116465652429","-73.9825445997928"
"905","40.7119100280088","-73.9825765886864"
"906","40.7121686136593","-73.9826149921276"
"907","40.7125201061943","-73.9826734783183"
"908","40.7127835678673","-73.9826926443442"
"909","40.7130519095189","-73.9827246342875"
"910","40.7116781265794","-73.9822399959102"
"911","40.7117805850617","-73.9822527922143"
"912","40.712330820377","-73.9823280412178"
"913","40.7124235199239","-73.9823344285046"
"914","40.7129691162619","-73.9823956255148"
"915","40.7130715747095","-73.9824084223061"
"916","40.7117135207725","-73.9816914821252"
"917","40.7118159803342","-73.9817106893978"
"918","40.712362520098","-73.9817846225454"
"919","40.7124698575882","-73.9817974169485"
"920","40.7130162934833","-73.9818586046437"
"921","40.7131138730239","-73.9818714019454"
"922","40.7117277562033","-73.9813836421526"
"923","40.7119960992907","-73.981422036958"
"924","40.7122546832575","-73.9814476122759"
"925","40.712664191278","-73.9814917720304"
"926","40.7129276572593","-73.9815365822577"
"927","40.7131959992267","-73.9815685664324"
"928","40.7117696046593","-73.980834409675"
"929","40.7120281887642","-73.9808599826261"
"930","40.7124494000567","-73.9809966375014"
"931","40.7125518597241","-73.9810158427345"
"932","40.7129897251367","-73.9809790690251"
"933","40.7132483082671","-73.9810046418224"
"934","40.7136565312325","-73.9827128299757"
"935","40.7137589896354","-73.9827256273866"
"936","40.7136858177192","-73.9823572400584"
"937","40.7137833971957","-73.9823700382188"
"938","40.7124883616901","-73.9805020485046"
"939","40.7125908172829","-73.9805020185342"
"940","40.7131943168878","-73.9805707650018"
"941","40.7132918956687","-73.9805835604526"
"942","40.7125155096942","-73.9801455958386"
"943","40.7126228464638","-73.9801583876319"
"944","40.7132155663755","-73.9802225637297"
"945","40.713318026162","-73.9802417691773"
"946","40.7201627207184","-73.9782097873364"
"947","40.720598698137","-73.9776607998188"
"948","40.7210336995421","-73.9773398371362"
"949","40.7214567300595","-73.9770394630749"
"950","40.7218106246929","-73.9761697839396"
"951","40.7204842292544","-73.9764953759332"
"952","40.7208256810498","-73.9757064956663"
"953","40.7215539206263","-73.9757756163655"
"954","40.7194343075292","-73.9762569803543"
"955","40.720086457203","-73.9759555996002"
"956","40.7192622477006","-73.9754525234675"
"957","40.7198700375489","-73.9752160105887"
"958","40.7205822483791","-73.9751843618721"
"959","40.7213366714328","-73.9750944224094"
"960","40.7890278558549","-73.9515300286909"
"961","40.7892777263743","-73.9521192308899"
"962","40.7900427701377","-73.9517799449953"
"963","40.7896592552265","-73.9508658477051"
"964","40.7903610924958","-73.9505806085056"
"965","40.790603953672","-73.9511567246354"
"966","40.7910487004614","-73.9504445114837"
"967","40.7916085250769","-73.9496458598907"
"968","40.7918598971312","-73.9502389571243"
"969","40.7925647205486","-73.9499767049242"
"970","40.7931398959566","-73.9492632793499"
"971","40.8000413370861","-73.9499364099141"
"972","40.7994076003389","-73.9508181709213"
"973","40.7992096282896","-73.9497389564656"
"974","40.7989625223348","-73.9493011924987"
"975","40.7879665852208","-73.9506628170513"
"976","40.7875112467573","-73.950054176827"
"977","40.7874557441059","-73.9494525134514"
"978","40.7668006722677","-73.9572986917384"
"979","40.6790511971554","-73.9808425351078"
"980","40.6750008855562","-74.0020956684955"
"981","40.6750658579723","-74.0023165583938"
"982","40.6749136051848","-74.0024905849555"
"983","40.6749804868424","-74.0027491262374"
"984","40.6752424250766","-74.0029987279395"
"985","40.6753245930601","-74.0032773529746"
"986","40.6751640615092","-74.003352647714"
"987","40.674123634474","-74.0025035941763"
"988","40.6741825189847","-74.0027475368346"
"989","40.6743882776049","-74.0027494034308"
"990","40.6744633695439","-74.0030093377847"
"991","40.6743836417652","-74.0034206539827"
"992","40.6744651717961","-74.0037078284795"
"993","40.6746191930137","-74.0036279801956"
"994","40.6753135114788","-74.0038803401727"
"995","40.6753901507019","-74.0041635305951"
"996","40.6755436467227","-74.0040976260517"
"997","40.6757091700748","-74.0046941222196"
"998","40.6755551484882","-74.0047655088987"
"999","40.6756321458918","-74.0050451589521"
"1000","40.6747615252282","-74.0041482643825"
"1001","40.6748430544149","-74.0044100603242"
"1002","40.6746980919064","-74.0045111975023"
"1003","40.6748513798947","-74.0051018634174"
"1004","40.6750010843187","-74.0050170901319"
"1005","40.675088555438","-74.0053068718163"
"1006","40.6739915603667","-74.0045823090072"
"1007","40.6741863524822","-74.0044930761399"
"1008","40.6742542919549","-74.0047370202446"
"1009","40.6741313299032","-74.0050824714275"
"1010","40.6741933220386","-74.0053455666896"
"1011","40.6744242843217","-74.0053454409045"
"1012","40.67447863433","-74.0055477369395"
"1013","40.676556048131","-74.0052024538324"
"1014","40.6763942402921","-74.0052760715681"
"1015","40.6764761199472","-74.0055555392539"
"1016","40.6767333830593","-74.0056933750938"
"1017","40.6768098130828","-74.0059477439124"
"1018","40.6766365325067","-74.0061351529443"
"1019","40.6766906680728","-74.0063468465883"
"1020","40.675780178669","-74.0055752421053"
"1021","40.6759349802455","-74.0054924207247"
"1022","40.6760171419314","-74.0057760703089"
"1023","40.6758848781661","-74.006102773552"
"1024","40.6759593965849","-74.0063537921248"
"1025","40.676177258885","-74.0063563239528"
"1026","40.6762403120358","-74.0065646698861"
"1027","40.6752640792226","-74.0017624326268"
"1028","40.6769562923122","-74.0063246610993"
"1029","40.6767580807613","-74.0098290482315"
"1030","40.6766151928519","-74.0096223585588"
"1031","40.6764517094744","-74.0093755049235"
"1032","40.6764995314184","-74.0104804726375"
"1033","40.6763867657744","-74.0106134924724"
"1034","40.6762395974541","-74.0107866681271"
"1035","40.6763370496545","-74.0109172102676"
"1036","40.6756472267773","-74.0098988888131"
"1037","40.6757446778013","-74.0100545284086"
"1038","40.6758631768528","-74.0099265318825"
"1039","40.6759702065904","-74.0098010407323"
"1040","40.6752318054352","-74.0058517272493"
"1041","40.6750959038938","-74.0059112148199"
"1042","40.6751593079465","-74.0061908618259"
"1043","40.6754172066613","-74.0063185196277"
"1044","40.6754942009733","-74.0065862709256"
"1045","40.6753220516515","-74.0067825987841"
"1046","40.6753764005694","-74.0069610999984"
"1047","40.6744849960045","-74.0062089416516"
"1048","40.6746390182403","-74.0061256584511"
"1049","40.6747114158353","-74.0063942031473"
"1050","40.6745936855212","-74.0067206317451"
"1051","40.674661552499","-74.0069832282933"
"1052","40.6748789899288","-74.0069832510605"
"1053","40.6749378670156","-74.0071796009535"
"1054","40.6768713094393","-74.0068959237197"
"1055","40.676955377722","-74.0072071918726"
"1056","40.677161780127","-74.0071068076664"
"1057","40.6773376035442","-74.007023154089"
"1058","40.6772356994436","-74.0066918019742"
"1059","40.6775363755571","-74.0066817912003"
"1060","40.6764235117902","-74.0072411824333"
"1061","40.6764778588009","-74.0074241496716"
"1062","40.6762740041208","-74.0075312255955"
"1063","40.6763807200781","-74.0079786971351"
"1064","40.6761802631871","-74.0080634593901"
"1065","40.6759696125692","-74.0081839188721"
"1066","40.6758340421778","-74.0077502933151"
"1067","40.675626791654","-74.0078395162264"
"1068","40.6755622523606","-74.0076431630735"
"1069","40.6760609075976","-74.0085561121642"
"1070","40.6757908001144","-74.0086866040034"
"1071","40.6751957748199","-74.008045491077"
"1072","40.6751384570202","-74.0078371476806"
"1073","40.6750256760339","-74.0082312168915"
"1074","40.6750963665757","-74.0084897648508"
"1075","40.6753627198951","-74.0087786607645"
"1076","40.6754391414002","-74.0090547816"
"1077","40.6752919825179","-74.0091275533546"
"1078","40.8040453989164","-73.9529622339102"
"1079","40.8205266976886","-73.9433134188895"
"1080","40.8211836377524","-73.9428502264635"
"1081","40.8217550609788","-73.9423902567863"
"1082","40.8195509707024","-73.9409636586228"
"1083","40.8205043667519","-73.9405970724623"
"1084","40.8145484634821","-73.9583982613297"
"1085","40.8139080423364","-73.9588848775708"
"1086","40.8140774392569","-73.9576505736807"
"1087","40.8135353022331","-73.9580228194531"
"1088","40.8131718347089","-73.9571713337052"
"1089","40.8125028016417","-73.9562967860629"
"1090","40.8119553124893","-73.9566708947627"
"1091","40.8113737549257","-73.9571382243659"
"1092","40.8114582815125","-73.9552412953944"
"1093","40.8162553610723","-73.9568138506608"
"1094","40.8169315769248","-73.9566779277802"
"1095","40.8162276528198","-73.9548694610495"
"1096","40.8170146789255","-73.9550583662995"
"1097","40.817449085623","-73.9539871995295"
"1098","40.8178057642556","-73.9548504867116"
"1099","40.8054092622515","-73.9417740556977"
"1100","40.8040969255084","-73.9523179486508"
"1101","40.8041729478351","-73.9524759894724"
"1102","40.8038862221306","-73.9478942119453"
"1103","40.8122702518522","-73.949046975943"
"1104","40.8120007637415","-73.9484337161503"
"1105","40.8118120316408","-73.9479618213848"
"1106","40.8115962152754","-73.9495492882698"
"1107","40.811548547631","-73.9473406210576"
"1108","40.8108739301134","-73.9478323939502"
"1109","40.8110723075238","-73.9484903161044"
"1110","40.8112663032355","-73.9489756372715"
"1111","40.8127616317848","-73.9486917574084"
"1112","40.812301861391","-73.9473165032703"
"1113","40.8134615717892","-73.9481913915141"
"1114","40.813283764214","-73.9475444435807"
"1115","40.8129962443418","-73.9468522078963"
"1116","40.8126753133034","-73.9463079349192"
"1117","40.8204725593759","-73.9396363862644"
"1118","40.8201174264578","-73.9398939204737"
"1119","40.819992231755","-73.9399777027059"
"1120","40.8198397720469","-73.9400967009726"
"1121","40.8187642559285","-73.9408872260169"
"1122","40.818699077219","-73.9409437303948"
"1123","40.8170769720038","-73.9402275082859"
"1124","40.8170254491967","-73.9400714212212"
"1125","40.8017320824265","-73.9396434396721"
"1126","40.6651254426373","-73.9204221268435"
"1127","40.6730518877914","-73.9125847544853"
"1128","40.67282500757","-73.9135443305862"
"1129","40.6669435411638","-73.9095986904981"
"1130","40.6670100612382","-73.9092325260005"
"1131","40.6669028899838","-73.9090285640383"
"1132","40.6670556466878","-73.9088844765633"
"1133","40.6670977454672","-73.9084937501768"
"1134","40.6665399260883","-73.9096111855719"
"1135","40.6662863475575","-73.9095591841023"
"1136","40.6664428301033","-73.9094227622374"
"1137","40.6666099231648","-73.9084280623142"
"1138","40.6667504492654","-73.9083055064575"
"1139","40.6665060392033","-73.9082309244449"
"1140","40.6659462011981","-73.9093512960315"
"1141","40.6659998990507","-73.9089499974985"
"1142","40.666147570265","-73.9088193024227"
"1143","40.6660455164444","-73.9086421040606"
"1144","40.6661283134626","-73.9081512248745"
"1145","40.6667086327794","-73.9065041109595"
"1146","40.6661861456561","-73.9077080787268"
"1147","40.6662405648844","-73.9072290653662"
"1148","40.6663958777133","-73.9070983553627"
"1149","40.6663040087691","-73.9069177991268"
"1150","40.6663880197038","-73.9064337757531"
"1151","40.6653536469311","-73.9085003741784"
"1152","40.6656132722385","-73.9079980945907"
"1153","40.6647246481803","-73.9091050328492"
"1154","40.6648749548007","-73.9089713012993"
"1155","40.6650858564597","-73.9080313541358"
"1156","40.6644382739885","-73.9089694587333"
"1157","40.6644862132354","-73.9085474236289"
"1158","40.6646313382232","-73.9084200796703"
"1159","40.6645445735903","-73.9082462116398"
"1160","40.6646201353968","-73.9077489942254"
"1161","40.6656769631191","-73.9075522295248"
"1162","40.6657810399419","-73.9070723084929"
"1163","40.6656681293645","-73.9068649073685"
"1164","40.6658189789013","-73.906727620283"
"1165","40.6658648707983","-73.9063073587095"
"1166","40.6651944801685","-73.9072694585614"
"1167","40.6653659130907","-73.9062360402148"
"1168","40.6655050775751","-73.9061162748882"
"1169","40.665261290429","-73.9060387780199"
"1170","40.6646804180669","-73.907297922704"
"1171","40.6647382527087","-73.9067818100422"
"1172","40.6648889029646","-73.9066442979032"
"1173","40.6648072253266","-73.9064637332623"
"1174","40.6648620174615","-73.9060462846481"
"1175","40.6705171246233","-73.9144721146132"
"1176","40.6700520116537","-73.9149277400613"
"1177","40.6699892266631","-73.9155173021576"
"1178","40.6697051020614","-73.9156805707932"
"1179","40.6697313763109","-73.9162932223625"
"1180","40.6704449430645","-73.9072948945287"
"1181","40.6709280425401","-73.9062709660725"
"1182","40.6713752346666","-73.9060860324359"
"1183","40.6710055664175","-73.9056916838665"
"1184","40.6709063142288","-73.9098363242525"
"1185","40.6705738031407","-73.9098568535544"
"1186","40.6718338218029","-73.9100787894907"
"1187","40.6721429143898","-73.910252397475"
"1188","40.6714404846717","-73.9098015932858"
"1189","40.6709740951396","-73.9093904342041"
"1190","40.6706720017525","-73.909207619979"
"1191","40.6719011629681","-73.9096244542027"
"1192","40.672241331334","-73.9096214823347"
"1193","40.6709143167577","-73.9087213062704"
"1194","40.6722350987219","-73.9090579176505"
"1195","40.672077764531","-73.9083954139668"
"1196","40.6724243135595","-73.9084033034272"
"1197","40.6721823152505","-73.907761925243"
"1198","40.672479309304","-73.9079355401025"
"1199","40.6729940581921","-73.9081729762835"
"1200","40.6676576053287","-73.9191145979217"
"1201","40.6675467450521","-73.9190896343381"
"1202","40.6674416148177","-73.9190596435789"
"1203","40.6673383972347","-73.9190321613328"
"1204","40.6672160671397","-73.9190021916445"
"1205","40.6679069852303","-73.9197097788722"
"1206","40.6677795593041","-73.9196798138222"
"1207","40.6676725135375","-73.9196442481701"
"1208","40.6675671694902","-73.9196109110441"
"1209","40.6674516387367","-73.9195865093238"
"1210","40.6673479944816","-73.9195565172148"
"1211","40.6672341636463","-73.9195343452523"
"1212","40.6671228758008","-73.9195043625467"
"1213","40.6679008961543","-73.9202096879099"
"1214","40.667793858806","-73.9201847178409"
"1215","40.6676772625995","-73.9201547401533"
"1216","40.6673621250896","-73.920070290296"
"1217","40.6672684666039","-73.92004781417"
"1218","40.6671690736873","-73.9200228354314"
"1219","40.6670811505166","-73.9200028621061"
"1220","40.6676797491115","-73.9208469635134"
"1221","40.6675803563733","-73.9208219834299"
"1222","40.6674752283196","-73.9207945006685"
"1223","40.6673777464611","-73.9207695184701"
"1224","40.667291730858","-73.9207445227201"
"1225","40.6710317184795","-73.9203808855894"
"1226","40.6710285107807","-73.9203326658731"
"1227","40.6710266669661","-73.9202904006251"
"1228","40.6710249689945","-73.9202493983323"
"1229","40.6710223929543","-73.9202161130477"
"1230","40.6710194781495","-73.9201787017196"
"1231","40.6710188817635","-73.9201264494252"
"1232","40.6710150649988","-73.9200740377777"
"1233","40.67101337202","-73.9200299651942"
"1234","40.6710105951241","-73.919985058925"
"1235","40.6710087516528","-73.9199421763263"
"1236","40.670773989352","-73.9204971651485"
"1237","40.6707719116636","-73.9204630041883"
"1238","40.6707710832021","-73.9204317677365"
"1239","40.6707689203856","-73.9203982431733"
"1240","40.6707656661611","-73.9203569519507"
"1241","40.670764027844","-73.9203188343471"
"1242","40.6707612563641","-73.9202802816842"
"1243","40.6707592173603","-73.920247458323"
"1244","40.6707567701259","-73.9202064298898"
"1245","40.6707568190561","-73.9201653286927"
"1246","40.670753563442","-73.9201208595797"
"1247","40.6707489477442","-73.9200396894222"
"1248","40.6707467080419","-73.920007132422"
"1249","40.6705533504482","-73.9199971233685"
"1250","40.6705309788104","-73.9199995333324"
"1251","40.6705073977799","-73.9200019435626"
"1252","40.6704603962852","-73.9200032736978"
"1253","40.6704422590723","-73.9200072669344"
"1254","40.6704247249998","-73.9200096699064"
"1255","40.6703709245477","-73.9200135001195"
"1256","40.6703884588234","-73.9200126843227"
"1257","40.6704010230342","-73.9200116982646"
"1258","40.6702299534521","-73.9213024798556"
"1259","40.6702270677938","-73.9212742465581"
"1260","40.6702241838058","-73.921249778943"
"1261","40.6702228485221","-73.9212145316557"
"1262","40.6702213981414","-73.9211900623508"
"1263","40.6702213813746","-73.9211655901697"
"1264","40.6702171848878","-73.9211378764494"
"1265","40.6702157319085","-73.9211096414697"
"1266","40.6702157125431","-73.9210814059777"
"1267","40.6702086449208","-73.9210480483246"
"1268","40.6702129254987","-73.9210198065611"
"1269","40.6702071699458","-73.9209878121841"
"1270","40.6702115707485","-73.9209563237942"
"1271","40.6702072526794","-73.9209299750581"
"1272","40.6702057944715","-73.920894209914"
"1273","40.6702044542934","-73.9208533153108"
"1274","40.6702015594561","-73.9208119057199"
"1275","40.6702015257572","-73.9207629625553"
"1276","40.6701973200935","-73.920722071363"
"1277","40.6701944269047","-73.9206844274606"
"1278","40.6701915333037","-73.9206448983564"
"1279","40.6701901939383","-73.9206040049485"
"1280","40.6701872968107","-73.92056071254"
"1281","40.6701858332866","-73.920517418427"
"1282","40.6708440418505","-73.9217919714349"
"1283","40.670842226467","-73.9217576196766"
"1284","40.6708396942022","-73.921721855435"
"1285","40.6708401487972","-73.9216845631888"
"1286","40.6708372565035","-73.9216464481664"
"1287","40.6708347226621","-73.9216097425043"
"1288","40.6708312394559","-73.921576692504"
"1289","40.6708297824116","-73.921542337971"
"1290","40.6708290434522","-73.9215098666352"
"1291","40.6708264636352","-73.9214784299643"
"1292","40.6708253691445","-73.9214501942972"
"1293","40.6708221241532","-73.9214205490212"
"1294","40.6708210315781","-73.9213951376414"
"1295","40.670819942857","-73.9213753736486"
"1296","40.670818852137","-73.9213513732287"
"1297","40.6708198453803","-73.9213263118353"
"1298","40.6708166042211","-73.9213023151364"
"1299","40.6708165781391","-73.9212641955778"
"1300","40.6708148837011","-73.9212278473081"
"1301","40.670814137884","-73.9211854945366"
"1302","40.6708101685951","-73.9211450248867"
"1303","40.6707326218555","-73.9196371221142"
"1304","40.6707154220195","-73.9196371428382"
"1305","40.6706982230841","-73.919637163561"
"1306","40.6706576725275","-73.9196444221394"
"1307","40.6706383231621","-73.9196444454512"
"1308","40.670615751111","-73.9196487090627"
"1309","40.6705708985361","-73.9196517363928"
"1310","40.6705493977553","-73.9196503513393"
"1311","40.6705246742011","-73.9196517920778"
"1312","40.6704857915806","-73.919655443769"
"1313","40.6704718184607","-73.9196582848731"
"1314","40.6704546195247","-73.9196583055904"
"1315","40.6704194431537","-73.9196641455216"
"1316","40.6704011700743","-73.9196669918001"
"1317","40.6703839722089","-73.9196698355994"
"1318","40.6703466423645","-73.9196700307611"
"1319","40.6703262197555","-73.9196728796237"
"1320","40.6703079456043","-73.9196729016321"
"1321","40.6702587935943","-73.9196779777978"
"1322","40.6702351452538","-73.919679417225"
"1323","40.6702114969141","-73.919680857834"
"1324","40.6701820748974","-73.9196880745483"
"1325","40.6701648752798","-73.9196884098536"
"1326","40.6701530503974","-73.9196881094972"
"1327","40.670709385443","-73.9193148969271"
"1328","40.6707122689419","-73.9193393646378"
"1329","40.6707108494195","-73.9193581913537"
"1330","40.6707094489199","-73.9192321068299"
"1331","40.6707080333787","-73.919256580924"
"1332","40.6707094832701","-73.9192810503665"
"1333","40.6707027788811","-73.9191668311843"
"1334","40.6707049432879","-73.9191880059444"
"1335","40.6707049571707","-73.9192077723527"
"1336","40.6706995670029","-73.9191005839106"
"1337","40.6707010165052","-73.9191231716753"
"1338","40.6707038947525","-73.9191401091454"
"1339","40.6706939004103","-73.9190217261552"
"1340","40.6706960693871","-73.919048077569"
"1341","40.6706982361327","-73.9190725461328"
"1342","40.6706926720051","-73.9189589169536"
"1343","40.6706913416127","-73.9189776252944"
"1344","40.6706937693433","-73.9189903280635"
"1345","40.6706860245434","-73.9188888431214"
"1346","40.670687649901","-73.9189079003118"
"1347","40.670690888233","-73.9189258982109"
"1348","40.6706850677967","-73.9188333734183"
"1349","40.6706858849626","-73.9188492560481"
"1350","40.6706858939241","-73.9188619617541"
"1351","40.6677075085492","-73.9089831943315"
"1352","40.6679674217667","-73.9081729059029"
"1353","40.668017514432","-73.9073335633806"
"1354","40.6756048888632","-73.9216757496945"
"1355","40.675874341257","-73.9216628826683"
"1356","40.6755710339962","-73.9213246694178"
"1357","40.6758385668751","-73.9212992514917"
"1358","40.670153746273","-73.9047607574798"
"1359","40.6694494324503","-73.9054249721318"
"1360","40.6697286543219","-73.9044027201636"
"1361","40.668982878656","-73.9044929444297"
"1362","40.6761264959223","-73.9200572598054"
"1363","40.6761660814054","-73.9194268976479"
"1364","40.6764418505276","-73.9193971447101"
"1365","40.6758790529377","-73.9190432305622"
"1366","40.6752974807731","-73.919084718742"
"1367","40.6657234112624","-73.9213118732779"
"1368","40.6662854849368","-73.9213399159146"
"1369","40.6659648156542","-73.9216038063836"
"1370","40.6643707249216","-73.9188222111913"
"1371","40.6639778675403","-73.9191868843938"
"1372","40.6637081084329","-73.9200717975048"
"1373","40.6633736898518","-73.9195704004877"
"1374","40.6635359980141","-73.9200237051914"
"1375","40.6631077718373","-73.9195369400274"
"1376","40.6633786184461","-73.9199888827842"
"1377","40.6628192068642","-73.9194972608928"
"1378","40.6639266987474","-73.9084238509814"
"1379","40.6641112029129","-73.9077016379902"
"1380","40.6642038657043","-73.9070458209961"
"1381","40.6642436086875","-73.9062883529979"
"1382","40.6631014463243","-73.9082835789706"
"1383","40.6631861788548","-73.9076916693779"
"1384","40.6633516745596","-73.9065968429765"
"1385","40.6634366370971","-73.9060049925433"
"1386","40.6676307407532","-73.9038278058505"
"1387","40.667734097989","-73.9041964185854"
"1388","40.6675404050415","-73.9041520780858"
"1389","40.6674803221638","-73.9048131470004"
"1390","40.6675391354689","-73.9055601307086"
"1391","40.6673182563632","-73.9055069007053"
"1392","40.6673277452402","-73.9058805594474"
"1393","40.6670131601779","-73.9036187932527"
"1394","40.6668126651234","-73.9035655406257"
"1395","40.666928871942","-73.9039742554103"
"1396","40.6667240156715","-73.905381016943"
"1397","40.6667241991735","-73.9057482614559"
"1398","40.6664965211874","-73.9056905790554"
"1399","40.6660163675332","-73.9051788262806"
"1400","40.6657954808522","-73.9051166759675"
"1401","40.6658014857426","-73.9054900129396"
"1402","40.6652087812851","-73.904938274445"
"1403","40.6651828206689","-73.9054950333451"
"1404","40.6649415455009","-73.9054284497341"
"1405","40.6661039762383","-73.9034403824279"
"1406","40.6662382426923","-73.9038159686724"
"1407","40.6659935726715","-73.9037538569825"
"1408","40.6655365129279","-73.9032504554343"
"1409","40.6652884458375","-73.9031883514021"
"1410","40.6654086762096","-73.9035782954614"
"1411","40.6645278816108","-73.904656171032"
"1412","40.6642934012286","-73.9045895813893"
"1413","40.6639096066177","-73.9028798562712"
"1414","40.6638144346745","-73.9035306101198"
"1415","40.6637097030658","-73.9042044277491"
"1416","40.6635991147095","-73.9049366552824"
"1417","40.6646717754969","-73.9031581170844"
"1418","40.6646227026819","-73.9021492202912"
"1419","40.6654794684404","-73.9026799240839"
"1420","40.7412053169947","-73.9797470975123"
"1421","40.7406581641659","-73.979370633935"
"1422","40.7032398209299","-73.944123688173"
"1423","40.7035396791406","-73.9435137518875"
"1424","40.7039685843483","-73.9442478857667"
"1425","40.7043044585438","-73.9435999221028"
"1426","40.7051842132127","-73.9419457045238"
"1427","40.7056138969","-73.942151496042"
"1428","40.7178623671308","-73.9399428029763"
"1429","40.7177203741016","-73.9393798420646"
"1430","40.7184403740613","-73.940031059806"
"1431","40.7185263229098","-73.9396839206337"
"1432","40.7188757204102","-73.9383284158772"
"1433","40.7189545574835","-73.937969922658"
"1434","40.718437415291","-73.9375336476664"
"1435","40.7178912106015","-73.937297965115"
"1436","40.7175156545991","-73.9373012488405"
"1437","40.7174060465229","-73.9376947927162"
"1438","40.7177246004906","-73.9380156012951"
"1439","40.7182916396582","-73.9382763502694"
"1440","40.7180616466064","-73.9390759057125"
"1441","40.7100452033152","-73.9466364724422"
"1442","40.7101930272113","-73.9467133696383"
"1443","40.7103280138244","-73.9465793209268"
"1444","40.7103867021831","-73.9467567462323"
"1445","40.7104987166897","-73.9465390004764"
"1446","40.7102871796512","-73.9464387137075"
"1447","40.7101852250659","-73.946371824782"
"1448","40.7100628871408","-73.9463083014903"
"1449","40.7102420782234","-73.9459718825437"
"1450","40.7104230244307","-73.9460395448169"
"1451","40.7105090438745","-73.9460855178647"
"1452","40.7105120815247","-73.9457715880123"
"1453","40.710462457459","-73.945906407305"
"1454","40.7103094701556","-73.9456913881491"
"1455","40.710196057345","-73.9456404133768"
"1456","40.7097441647182","-73.9465792219891"
"1457","40.7096218307891","-73.9465240688358"
"1458","40.7093924189641","-73.9463434342107"
"1459","40.7093638044565","-73.94645395802"
"1460","40.7093275386762","-73.9465519309951"
"1461","40.7098192714931","-73.9458365375921"
"1462","40.70984789251","-73.9457410820684"
"1463","40.7098765075174","-73.945633068308"
"1464","40.7095841203","-73.9456458637029"
"1465","40.7094847180429","-73.945588182533"
"1466","40.7090418579521","-73.9465192810983"
"1467","40.7089003618981","-73.9463536452015"
"1468","40.7088564573372","-73.9464616693504"
"1469","40.7087283906858","-73.9464065229399"
"1470","40.7087205961388","-73.9460850745368"
"1471","40.7088486676447","-73.9461502671656"
"1472","40.708938516381","-73.9462104662723"
"1473","40.7091530832819","-73.945865320256"
"1474","40.7090498643719","-73.9458202002387"
"1475","40.7089217879486","-73.9457449635609"
"1476","40.708728724726","-73.9456496888505"
"1477","40.7088241686176","-73.9454185679737"
"1478","40.7088892258252","-73.9455892851562"
"1479","40.7090286756381","-73.9454661154749"
"1480","40.7091605713455","-73.9455338140393"
"1481","40.710219116804","-73.9450450362912"
"1482","40.7103516458079","-73.9451052023643"
"1483","40.7104739077208","-73.9450079916306"
"1484","40.7105376890128","-73.9451720191706"
"1485","40.7106242036529","-73.9449208056683"
"1486","40.7104407000228","-73.9448338943866"
"1487","40.7103591348933","-73.9447803857809"
"1488","40.7102444478603","-73.9447302526066"
"1489","40.7102919455673","-73.9443029207179"
"1490","40.7104168289033","-73.9443597415522"
"1491","40.7105416386315","-73.9442625284086"
"1492","40.7106003231942","-73.944426559652"
"1493","40.7107046800163","-73.9441887238033"
"1494","40.7105058878657","-73.9441018272525"
"1495","40.7104294118752","-73.944034920289"
"1496","40.710327464044","-73.9439847788223"
"1497","40.7103733376505","-73.9433512810066"
"1498","40.7105033199911","-73.9434114436472"
"1499","40.7106459396869","-73.9432639861536"
"1500","40.7106995379082","-73.9434447627511"
"1501","40.7107835087422","-73.9432069435623"
"1502","40.7106025530214","-73.9431233836526"
"1503","40.7104929454521","-73.9430431110756"
"1504","40.710380808526","-73.9429996766599"
"1505","40.7105629069095","-73.9426257390649"
"1506","40.710742590853","-73.9427134843805"
"1507","40.7108610901839","-73.9427410080585"
"1508","40.7108399735673","-73.9425501576346"
"1509","40.7108418166898","-73.9424145385004"
"1510","40.710616123045","-73.9423256644639"
"1511","40.7104944241733","-73.9422713556935"
"1512","40.7100514650123","-73.9432867399794"
"1513","40.7099386841544","-73.9432265621555"
"1514","40.709818259093","-73.943170576708"
"1515","40.7096055942717","-73.9433750178074"
"1516","40.7097435981826","-73.9429094555363"
"1517","40.7101339643865","-73.9424591865814"
"1518","40.7101702278127","-73.9423670703782"
"1519","40.7102045723646","-73.9422573751728"
"1520","40.7099141081714","-73.9422936232386"
"1521","40.7098057809597","-73.9422267465486"
"1522","40.7093603423008","-73.9432296546273"
"1523","40.7092288361339","-73.942983650624"
"1524","40.7091582178119","-73.9431689253204"
"1525","40.7089880916712","-73.943085566579"
"1526","40.7092440686989","-73.9428718826305"
"1527","40.7091389374201","-73.9428261392684"
"1528","40.7090376216125","-73.9427659543868"
"1529","40.7090557341062","-73.94231236551"
"1530","40.7092427435193","-73.9423973822573"
"1531","40.7093663598032","-73.9424684310897"
"1532","40.7094670342143","-73.9425152228164"
"1533","40.7094789639102","-73.9421694794097"
"1534","40.7093512044612","-73.9420971766742"
"1535","40.7092108105906","-73.9422358440888"
"1536","40.7091451058516","-73.9420534085413"
"1537","40.7105348412812","-73.9417074109046"
"1538","40.7106648235782","-73.9417675716697"
"1539","40.7107921650807","-73.9416435622722"
"1540","40.7108635913119","-73.941800882606"
"1541","40.7109348157234","-73.9415597228789"
"1542","40.7107589522958","-73.9414694658732"
"1543","40.7106493503947","-73.9414025907954"
"1544","40.7105474005187","-73.9413524520066"
"1545","40.7107251562464","-73.940977651297"
"1546","40.7108984641859","-73.9410533982393"
"1547","40.7110275939697","-73.9411046299608"
"1548","40.7110036385309","-73.9407675608409"
"1549","40.7109884270974","-73.940918259407"
"1550","40.7107946534762","-73.9406873800817"
"1551","40.7106442866583","-73.9406272394623"
"1552","40.7102038016565","-73.941632675324"
"1553","40.7100984520839","-73.9415747267156"
"1554","40.7097994898129","-73.9416017759936"
"1555","40.7098300235895","-73.9415169201867"
"1556","40.7098605445713","-73.9414052758664"
"1557","40.7102909502983","-73.9408105953562"
"1558","40.7103214780295","-73.9407151352996"
"1559","40.7103500973883","-73.9406246992085"
"1560","40.7100730047964","-73.9406475477069"
"1561","40.7099506576609","-73.9405723147023"
"1562","40.709516172009","-73.9415824817683"
"1563","40.7094166223077","-73.9412410206596"
"1564","40.7094015853495","-73.940743430431"
"1565","40.7095162836413","-73.9408102974649"
"1566","40.7096195083393","-73.9408646191607"
"1567","40.7096785817001","-73.9405339018693"
"1568","40.7095793422977","-73.9404896216685"
"1569","40.7552326585838","-73.942009232231"
"1570","40.7551670540986","-73.9417594237825"
"1571","40.7550099676576","-73.9421014900923"
"1572","40.7547694220489","-73.9422075503538"
"1573","40.7546337848366","-73.9424388285351"
"1574","40.75434947429","-73.9425429968786"
"1575","40.7545139336324","-73.9427075361288"
"1576","40.754626381483","-73.9430542405235"
"1577","40.754831151895","-73.9433207227808"
"1578","40.7548877556346","-73.9435788817618"
"1579","40.7550516852331","-73.9432192154155"
"1580","40.7551632361964","-73.9440732033903"
"1581","40.7544779016212","-73.9439687273908"
"1582","40.7543182058773","-73.943794801194"
"1583","40.7542060252339","-73.9434467410426"
"1584","40.754005722945","-73.9431702034304"
"1585","40.7539486280625","-73.9429204385173"
"1586","40.7537807778958","-73.9432878770734"
"1587","40.7535438329287","-73.9433897656821"
"1588","40.7534027995285","-73.9436252052923"
"1589","40.753108777866","-73.9437223231746"
"1590","40.7532724992925","-73.9438838894581"
"1591","40.7533862875187","-73.9442350146618"
"1592","40.7535853368497","-73.9445086089178"
"1593","40.7536426185422","-73.9447645159613"
"1594","40.7538197870451","-73.9444039079764"
"1595","40.7540527998456","-73.9443046180051"
"1596","40.7541870170259","-73.9440713053101"
"1597","40.7547269375917","-73.9446978694728"
"1598","40.7547160769561","-73.944473988624"
"1599","40.7543817216697","-73.9447393312986"
"1600","40.7543334883585","-73.9450622409385"
"1601","40.7540431805107","-73.9451072588314"
"1602","40.7538491603912","-73.9454145056957"
"1603","40.7540122042113","-73.945584049177"
"1604","40.7541238381377","-73.9459302816138"
"1605","40.7543258407829","-73.9461963892569"
"1606","40.7543869787282","-73.9464571254079"
"1607","40.7546916413279","-73.9463080730278"
"1608","40.7547434652499","-73.9459898727189"
"1609","40.7550301894034","-73.9459448622919"
"1610","40.7551337783692","-73.9455057398013"
"1611","40.7551980186208","-73.9467223459596"
"1612","40.7550331537094","-73.9467507587558"
"1613","40.7548719825255","-73.947017199279"
"1614","40.7545904568235","-73.947123547643"
"1615","40.754750864698","-73.9472982706335"
"1616","40.7548559169477","-73.9476501884124"
"1617","40.7550587831519","-73.9479230913229"
"1618","40.7551116005689","-73.948182841304"
"1619","40.755216142666","-73.9095578061597"
"1620","40.7549137563574","-73.9091925841545"
"1621","40.7547556179408","-73.9093232986582"
"1622","40.7546723261265","-73.9091364807708"
"1623","40.7547787965228","-73.9110132679089"
"1624","40.7546206496941","-73.911136922444"
"1625","40.7545454159121","-73.9109606749721"
"1626","40.7546330282419","-73.910305266207"
"1627","40.7545389864333","-73.9100867210166"
"1628","40.7541152555645","-73.9096039503169"
"1629","40.7539624726785","-73.9097240732232"
"1630","40.7540457626471","-73.9099108886715"
"1631","40.7540934739018","-73.9108411157636"
"1632","40.7540048293415","-73.910664888005"
"1633","40.7538493682054","-73.9107920659883"
"1634","40.7534668974895","-73.9104859771912"
"1635","40.7533674990405","-73.910278023305"
"1636","40.753506880448","-73.910168501357"
"1637","40.7874871091533","-73.9411897015578"
"1638","40.7879003663752","-73.9408872521863"
"1639","40.7878318004849","-73.9403612550565"
"1640","40.7872566391474","-73.94127929112"
"1641","40.7870542875278","-73.9412068743486"
"1642","40.7871157079263","-73.9409003580751"
"1643","40.786839748754","-73.9407554142072"
"1644","40.7871066368494","-73.940043703972"
"1645","40.7873503811382","-73.9401342283337"
"1646","40.7873107724395","-73.940441563331"
"1647","40.7875269224245","-73.9405200151762"
"1648","40.7877386730436","-73.9395002359369"
"1649","40.7875317151054","-73.9394157305244"
"1650","40.7874440742684","-73.9397102057465"
"1651","40.7872003255801","-73.9396136333943"
"1652","40.78787720977","-73.9386824219319"
"1653","40.7876564573665","-73.9385979304223"
"1654","40.787596823638","-73.9388641685504"
"1655","40.786757068874","-73.9400944894899"
"1656","40.7864489859494","-73.9400705680988"
"1657","40.7865151124609","-73.9397665574287"
"1658","40.7863081546782","-73.9396820515568"
"1659","40.7809826045286","-73.945962810557"
"1660","40.7806190812618","-73.9451384212327"
"1661","40.7811246485053","-73.9448482964256"
"1662","40.7820777113797","-73.9448737072958"
"1663","40.7815768977791","-73.9455567315759"
"1664","40.7869819771005","-73.9487899012107"
"1665","40.7871544708193","-73.943781891158"
"1666","40.7873880629869","-73.9430672230783"
"1667","40.7867187676645","-73.9427027607456"
"1668","40.7557105405394","-73.9427852341698"
"1669","40.7555494337379","-73.9426239454445"
"1670","40.7554333466869","-73.9422792769516"
"1671","40.7552818040843","-73.9431189816802"
"1672","40.7554225001433","-73.9428936666734"
"1673","40.7565231690563","-73.9443194560196"
"1674","40.7563617182043","-73.9441572879532"
"1675","40.7562446019827","-73.9438126288517"
"1676","40.7560352079887","-73.9435355920147"
"1677","40.7559762726631","-73.9432918779871"
"1678","40.7557435697257","-73.9434682956003"
"1679","40.7556182889647","-73.9438148470119"
"1680","40.7553817106846","-73.9437867642918"
"1681","40.7553138266345","-73.9441767737592"
"1682","40.7557282077458","-73.9449779107662"
"1683","40.7557426579161","-73.9452135761909"
"1684","40.756032370723","-73.9449123312644"
"1685","40.7560877784223","-73.9446035468188"
"1686","40.7563744985747","-73.9445514585506"
"1687","40.7574315499453","-73.9457764429487"
"1688","40.7572618144849","-73.9456366709578"
"1689","40.7571150956607","-73.9453066837806"
"1690","40.756899663609","-73.9450594470719"
"1691","40.7568204093064","-73.944810912542"
"1692","40.7566402395061","-73.9451818018202"
"1693","40.7564126998298","-73.9453163257064"
"1694","40.7562945303523","-73.9455544586212"
"1695","40.756009099872","-73.9457338418684"
"1696","40.7561758279932","-73.9459013766554"
"1697","40.7562939183589","-73.9462416270739"
"1698","40.7564966840152","-73.9465061615986"
"1699","40.7565604974146","-73.9467646827927"
"1700","40.7568407618101","-73.9462452973751"
"1701","40.7569823231885","-73.9462051171076"
"1702","40.7571112460273","-73.9459669741663"
"1703","40.7552969133565","-73.9456093019348"
"1704","40.7560782540698","-73.9471906649254"
"1705","40.7559247279671","-73.9470145074488"
"1706","40.7558125387837","-73.9466619287667"
"1707","40.7556169206104","-73.946381560282"
"1708","40.755560443063","-73.9461275418944"
"1709","40.7553251012388","-73.9463781585011"
"1710","40.755329500739","-73.9478344910031"
"1711","40.7555696011647","-73.9477282492082"
"1712","40.7556447773859","-73.9475207943994"
"1713","40.7558442000635","-73.9474484929072"
"1714","40.7611271010351","-73.9380042140877"
"1715","40.7607016971553","-73.938071137839"
"1716","40.7609158216352","-73.9386614741597"
"1717","40.7618581061262","-73.9382064614776"
"1718","40.7621698820084","-73.9378207253112"
"1719","40.7860682233969","-73.9482520656376"
"1720","40.785769099593","-73.9474663467294"
"1721","40.78582060059","-73.946834964123"
"1722","40.7859815898285","-73.9461991772306"
"1723","40.7866748035266","-73.9458908254096"
"1724","40.787339812221","-73.9455377545203"
"1725","40.7878074914167","-73.9466396462815"
"1726","40.7878881937087","-73.9450534256352"
"1727","40.773119353785","-73.9330095352537"
"1728","40.7734401362978","-73.9326755978597"
"1729","40.7739283211622","-73.9324334174097"
"1730","40.7741657413718","-73.9330782102657"
"1731","40.7734195814161","-73.9338651342169"
"1732","40.7741095039989","-73.9339693762371"
"1733","40.7745779814886","-73.9343298879265"
"1734","40.7744442204616","-73.9350889876803"
"1735","40.773963464985","-73.9357406653971"
"1736","40.7751190148222","-73.9359868136737"
"1737","40.7747928197575","-73.936164471545"
"1738","40.7740887216992","-73.936508021557"
"1739","40.7726458658895","-73.9330937266517"
"1740","40.773044551875","-73.9347501794208"
"1741","40.7725971423178","-73.9348792066908"
"1742","40.772135147106","-73.9350417168434"
"1743","40.7724518887568","-73.9361265406547"
"1744","40.7728644524625","-73.9358169494797"
"1745","40.773255135679","-73.9355023367158"
"1746","40.7728337633881","-73.9368043520446"
"1747","40.7732156723818","-73.9371240582242"
"1748","40.7736941876291","-73.9372455794814"
"1749","40.7921509239175","-73.9490260360108"
"1750","40.79290871307","-73.9487176424222"
"1751","40.7949760869055","-73.9459182449196"
"1752","40.794534489401","-73.9448644882913"
"1753","40.7939634438691","-73.9452847193186"
"1754","40.7944097083935","-73.9463402491977"
"1755","40.7917709052634","-73.9482655443666"
"1756","40.7921655574884","-73.947865390583"
"1757","40.7972490064041","-73.9366352114755"
"1758","40.788457547871","-73.940031551824"
"1759","40.7883382740896","-73.9405640302564"
"1760","40.7880709527914","-73.9404638846697"
"1761","40.7879397083436","-73.9398412935649"
"1762","40.7881834536605","-73.9399318183175"
"1763","40.7882113562882","-73.9394511236067"
"1764","40.7879991532696","-73.9389459802596"
"1765","40.7953106646927","-73.9370685880411"
"1766","40.7958989351745","-73.93792201439"
"1767","40.7958899721641","-73.9383576484397"
"1768","40.7956439130821","-73.9375875937122"
"1769","40.7955381813375","-73.937630044076"
"1770","40.7954302018029","-73.9370442743721"
"1771","40.7951662715547","-73.9364306856518"
"1772","40.7950881745882","-73.9365578154509"
"1773","40.7949346216079","-73.9370032903366"
"1774","40.7943323768615","-73.9373317546806"
"1775","40.7939820070274","-73.9373606450281"
"1776","40.7938854580975","-73.937378885952"
"1777","40.7942111794028","-73.9378722954286"
"1778","40.7941284796283","-73.9379933759492"
"1779","40.7944649114557","-73.9384512062007"
"1780","40.7943638063696","-73.9385481031658"
"1781","40.7946296854102","-73.9389821433526"
"1782","40.7946573612822","-73.9391454741499"
"1783","40.7948727532465","-73.9396704868253"
"1784","40.7949785752607","-73.9397974471226"
"1785","40.7956576266956","-73.9412681815159"
"1786","40.7955196999771","-73.9412985552599"
"1787","40.7960779833983","-73.940704804337"
"1788","40.7960457042275","-73.9405233216662"
"1789","40.7967431955831","-73.9404765381068"
"1790","40.7968304927513","-73.9403494015046"
"1791","40.7965453853128","-73.9398120445541"
"1792","40.7965822770479","-73.9400177251717"
"1793","40.796325374088","-73.9392982318728"
"1794","40.7963576592632","-73.9394857649592"
"1795","40.7960961281032","-73.9387596791774"
"1796","40.7961284260712","-73.9389714122676"
"1797","40.7956444895456","-73.939439714477"
"1798","40.7955249569126","-73.9394700740939"
"1799","40.7971765116429","-73.9440487967353"
"1800","40.7977120865426","-73.9436384426305"
"1801","40.796653696149","-73.9439455709351"
"1802","40.7968148749453","-73.9444536728199"
"1803","40.7981634246875","-73.9434648119679"
"1804","40.7979241084467","-73.9430233258338"
"1805","40.7969419898779","-73.9432363548289"
"1806","40.7965420751721","-73.9434726621978"
"1807","40.7976795387114","-73.9426431782126"
"1808","40.7973164487174","-73.9429581157469"
"1809","40.7962330597793","-73.943063122168"
"1810","40.7960580719401","-73.9425368905149"
"1811","40.7965176764547","-73.9415344520248"
"1812","40.7960871860043","-73.9418527620377"
"1813","40.7957056619437","-73.9420830073114"
"1814","40.7965833458049","-73.9425416602887"
"1815","40.7969740323993","-73.9422448509212"
"1816","40.7985840522296","-73.9482854572823"
"1817","40.7957235300854","-73.9476647263742"
"1818","40.7953665636916","-73.9468282884963"
"1819","40.7945384890017","-73.948528239497"
"1820","40.794129335273","-73.9477362661195"
"1821","40.7624484844664","-73.9337915155787"
"1822","40.7622005261002","-73.9342444786595"
"1823","40.7621901668131","-73.9332596790206"
"1824","40.7618780405298","-73.9326197953488"
"1825","40.7614681517585","-73.9327913592485"
"1826","40.7616185957918","-73.9320565314776"
"1827","40.760828393435","-73.9325954243981"
"1828","40.7605672839434","-73.9330292843851"
"1829","40.760816450204","-73.9335724073132"
"1830","40.7615336381549","-73.9340423144324"
"1831","40.7611210207722","-73.9342017026714"
"1832","40.7613595440546","-73.9347325269438"
"1833","40.7609480198331","-73.9351553734963"
"1834","40.7606964592222","-73.9356095540715"
"1835","40.7606359501387","-73.9345126599974"
"1836","40.7604469789722","-73.9340733483264"
"1837","40.7600787851351","-73.9333162574966"
"1838","40.7597063314642","-73.9342210218502"
"1839","40.7593159151491","-73.9339713012553"
"1840","40.7590591379743","-73.9344174888852"
"1841","40.7593077965722","-73.9349469742427"
"1842","40.760037760163","-73.9354558443479"
"1843","40.7596292044618","-73.9356115486187"
"1844","40.7599362586015","-73.936272231454"
"1845","40.7605263350034","-73.9364562198899"
"1846","40.7602490494902","-73.9368882187557"
"1847","40.7604607315823","-73.9373973119255"
"1848","40.76193126474","-73.9372730059179"
"1849","40.7615818944508","-73.9365157027259"
"1850","40.7611709602082","-73.9366421623527"
"1851","40.7613083391959","-73.9359302316608"
"1852","40.7621573248348","-73.9364124854421"
"1853","40.7628543466076","-73.9369230625049"
"1854","40.7624237033588","-73.936989868394"
"1855","40.7626665675712","-73.9375703312065"
"1856","40.7635213717711","-73.9371783098412"
"1857","40.7638348130804","-73.9367898442967"
"1858","40.7636142931777","-73.9363272699065"
"1859","40.7627692188711","-73.9360339725709"
"1860","40.7631920117113","-73.9359636774523"
"1861","40.7980248662047","-73.9469535566038"
"1862","40.7984010042901","-73.9477845377898"
"1863","40.7984416110043","-73.944595020978"
"1864","40.7973870009058","-73.9453707539858"
"1865","40.7977591343828","-73.9461654393865"
"1866","40.7884301154514","-73.9462473969293"
"1867","40.7881374604782","-73.9457835346049"
"1868","40.7889362048417","-73.9454610125735"
"1869","40.7891730266627","-73.9460137537241"
"1870","40.7897063490531","-73.9454550180423"
"1871","40.7894469335759","-73.9448624563923"
"1872","40.7896514830903","-73.9434570308576"
"1873","40.7890520220383","-73.9399353852577"
"1874","40.7887242595165","-73.9391628292538"
"1875","40.7883977439819","-73.9384012982265"
"1876","40.7575318786011","-73.9097704906797"
"1877","40.7574395189252","-73.9095611928187"
"1878","40.7573096966396","-73.9096771020444"
"1879","40.7570622031007","-73.9091406825562"
"1880","40.7571920370063","-73.9090413057809"
"1881","40.7571038800326","-73.9088485373047"
"1882","40.7567666580537","-73.9086351382476"
"1883","40.7566701141184","-73.9084368728724"
"1884","40.7568038009042","-73.9083355040599"
"1885","40.7571892030122","-73.9101369208487"
"1886","40.7570364242336","-73.9102641025315"
"1887","40.7569477788274","-73.9100878665706"
"1888","40.7566504516396","-73.9094944164258"
"1889","40.7564923092522","-73.9096216058319"
"1890","40.7564117069933","-73.9094418346244"
"1891","40.7562060836127","-73.9087728865713"
"1892","40.7561147486139","-73.9085896041154"
"1893","40.7559700156351","-73.9087132496898"
"1894","40.7565453275733","-73.9103327799038"
"1895","40.7564086241307","-73.9104387751138"
"1896","40.756099502187","-73.9091405580707"
"1897","40.7558073448818","-73.909377266617"
"1898","40.7559949996259","-73.9111099102676"
"1899","40.756145096758","-73.9109827360982"
"1900","40.7560671856142","-73.9108135415262"
"1901","40.7558002167153","-73.9101870346028"
"1902","40.7559529972892","-73.9100633816824"
"1903","40.7558750746576","-73.9098800811943"
"1904","40.7555205449781","-73.9089939262671"
"1905","40.7554265109642","-73.9087894874004"
"1906","40.7552790821072","-73.9088954998524"
"1907","40.7556528401322","-73.9112340133609"
"1908","40.7555749166358","-73.9110471845878"
"1909","40.7553491854488","-73.9105928749817"
"1910","40.7552658966021","-73.9104060550252"
"1911","40.75542404173","-73.910282396374"
"1912","40.7553101744187","-73.9097622454668"
"1913","40.8266832727558","-73.937140470074"
"1914","40.8266188206879","-73.9369952553373"
"1915","40.8265378633435","-73.9368238992126"
"1916","40.8266527179334","-73.9366482482508"
"1917","40.8268043932357","-73.9365391471165"
"1918","40.8269192974567","-73.9364542939208"
"1919","40.8269008647967","-73.936381672811"
"1920","40.8269149222983","-73.9368598605773"
"1921","40.8267311717966","-73.9359861972684"
"1922","40.8266851580039","-73.9359257102611"
"1923","40.826607021691","-73.9359802637037"
"1924","40.8264369777764","-73.9361317555213"
"1925","40.8263634359408","-73.9361802511327"
"1926","40.8260945437192","-73.9363730050966"
"1927","40.8260256030431","-73.9364275487441"
"1928","40.8258325489034","-73.9365427412527"
"1929","40.8257636181272","-73.9366154444606"
"1930","40.8257866452476","-73.9366820059096"
"1931","40.8259458342399","-73.9370740509047"
"1932","40.8259734581225","-73.9371406083521"
"1933","40.8260837681777","-73.937061814555"
"1934","40.8262308360276","-73.9369345595741"
"1935","40.8264147344639","-73.9368920132033"
"1936","40.8265160271247","-73.9371400957945"
"1937","40.8266199772018","-73.9374041935067"
"1938","40.826422363511","-73.9375920266811"
"1939","40.8263350263772","-73.9376405335957"
"1940","40.8262293180293","-73.9377253765763"
"1941","40.8262661569771","-73.9378282449716"
"1942","40.8263029967335","-73.9379311134799"
"1943","40.8263980072918","-73.9352136872607"
"1944","40.8263428516568","-73.9352500600149"
"1945","40.8261681938077","-73.9353712915823"
"1946","40.826034905433","-73.9354682706088"
"1947","40.8259024674812","-73.9353135073829"
"1948","40.825833411773","-73.9351622476715"
"1949","40.8257736539187","-73.9351925717155"
"1950","40.8257185050829","-73.9352410487958"
"1951","40.8257783682244","-73.9353983713651"
"1952","40.8258104215966","-73.9356338959307"
"1953","40.8256635222836","-73.9355861268163"
"1954","40.8255166942734","-73.9357064462145"
"1955","40.8254063817632","-73.9357791886976"
"1956","40.825328120665","-73.9356097798802"
"1957","40.825194648468","-73.9353798939235"
"1958","40.8251486003785","-73.935258878888"
"1959","40.825102555566","-73.9351439168815"
"1960","40.8269552798855","-73.938643345131"
"1961","40.8009117685314","-73.9497230043743"
"1962","40.8003402095187","-73.948915008562"
"1963","40.8001421974699","-73.948440916424"
"1964","40.7997208658569","-73.9474426473603"
"1965","40.7993047332309","-73.9482363427623"
"1966","40.8113658849743","-73.935404538507"
"1967","40.8105942321934","-73.9356090026465"
"1968","40.809993925468","-73.936062599026"
"1969","40.8103037759289","-73.9368088734583"
"1970","40.8105855438247","-73.9362874845024"
"1971","40.810760469222","-73.9366504201667"
"1972","40.8111762785568","-73.936354419331"
"1973","40.8110289197114","-73.9359551461547"
"1974","40.8115644618405","-73.9358982437126"
"1975","40.8119456744365","-73.9365059625518"
"1976","40.8116377051734","-73.9366878103081"
"1977","40.8112461785621","-73.9371666293101"
"1978","40.8107681705562","-73.9373314197004"
"1979","40.8104970293401","-73.9375979497249"
"1980","40.8110488131377","-73.9377915098208"
"1981","40.8111811433557","-73.9383890022515"
"1982","40.8114430895918","-73.9381224812604"
"1983","40.8117554308879","-73.9378864715975"
"1984","40.812068019589","-73.9377409371911"
"1985","40.8117502605378","-73.937279919941"
"1986","40.8298335360971","-73.9372902109825"
"1987","40.8299716669353","-73.9376411809477"
"1988","40.8010128799436","-73.9554357191137"
"1989","40.806946375377","-73.9363515642814"
"1990","40.8068775320665","-73.9365815807408"
"1991","40.8201020466152","-73.9373159799152"
"1992","40.8201724401859","-73.9374834349167"
"1993","40.8202379270288","-73.9376448234812"
"1994","40.8203910120223","-73.937996617473"
"1995","40.8204496610619","-73.9381654444404"
"1996","40.8205266747486","-73.9383177556602"
"1997","40.8204411565783","-73.9385136597186"
"1998","40.8205477174529","-73.9387585124428"
"1999","40.8206500724369","-73.938999865875"
"2000","40.8227155371982","-73.9378116938368"
"2001","40.8226270201645","-73.9380642057735"
"2002","40.8225315682881","-73.9381208782987"
"2003","40.8224291283447","-73.9382057600469"
"2004","40.8207548833364","-73.9392495153559"
"2005","40.8206487657477","-73.9395039672642"
"2006","40.8205518938031","-73.9395706642931"
"2007","40.8202385387806","-73.9395924665928"
"2008","40.8201448993417","-73.9393600694411"
"2009","40.820095872839","-73.9392337306573"
"2010","40.8199950100588","-73.9390205651454"
"2011","40.819897767201","-73.9387791678671"
"2012","40.8198411199825","-73.938642532776"
"2013","40.8197479046433","-73.9384136702865"
"2014","40.8196910512834","-73.9382729358959"
"2015","40.8189174153944","-73.9376230120321"
"2016","40.8188280754069","-73.9376931226891"
"2017","40.8190170330315","-73.9386201098456"
"2018","40.8192346482365","-73.9391200407686"
"2019","40.8192776375101","-73.939213095503"
"2020","40.8193079677957","-73.9393066597452"
"2021","40.8193731615904","-73.9394704391017"
"2022","40.8182936385609","-73.9391957391951"
"2023","40.7987549234294","-73.9469725174024"
"2024","40.7994834221813","-73.9469962197991"
"2025","40.7990728618451","-73.946208645358"
"2026","40.7987817230149","-73.9454324200716"
"2027","40.8009948504755","-73.9400913566491"
"2028","40.8003967958756","-73.9344618146301"
"2029","40.8009296534669","-73.9340744277012"
"2030","40.8013701898858","-73.9338285123427"
"2031","40.7998107921124","-73.9330806965267"
"2032","40.8001036133537","-73.9337690509972"
"2033","40.8002207360389","-73.9328741385075"
"2034","40.8005087171883","-73.9332161577471"
"2035","40.8010835209332","-73.9331380124188"
